:020000040800F2
:10000000808F002085020008B5770008B16F0008D6
:10001000B1770008790A0008358C0008000000005C
:10002000000000000000000000000000D97E000871
:100030003527000800000000C97B0008317F000858
:100040009F0200089F0200089F0200089F0200080C
:100050009F0200089F0200089F0200089F020008FC
:100060009F0200089F0200089F0200087D0A000806
:100070009F0200089F0200089F0200089F020008DC
:100080009F0200089F0200089F0200089F020008CC
:100090009F0200089F0200089F0200089F020008BC
:1000A0009F0200089F0200089F0200089F020008AC
:1000B0009F0200089F0200089F0200089F0200089C
:1000C0009F0200089F0200089F0200089F0200088C
:1000D0009F0200089F0200089F0200089F0200087C
:1000E0009F0200089F0200089F0200089F0200086C
:1000F0009F0200089F0200089F0200089F0200085C
:100100009F0200089F0200089F0200089F0200084B
:100110009F0200089F020008C97F0008D97F0008DD
:100120009F0200089F0200089F0200089F0200082B
:100130009F0200089F0200089F0200089F0200081B
:100140009F0200089F0200089F0200089F0200080B
:100150009F0200089F0200089F0200089F020008FB
:100160009F0200089F0200089F0200089F020008EB
:100170009F0200089F0200089F0200089F020008DB
:100180009F0200089F0200089F0200089F020008CB
:100190009F0200089F0200089F0200089F020008BB
:1001A0009F0200089F0200089F0200089F020008AB
:1001B0009F0200089F0200089F0200089F0200089B
:1001C0009F0200089F0200089F0200089F0200088B
:1001D0009F0200089F02000800F002F800F040F8BB
:1001E0000AA090E8000C82448344AAF10107DA4592
:1001F00001D100F035F8AFF2090EBAE80F0013F0A4
:10020000010F18BFFB1A43F00103184788A700002D
:10021000A8A70000103A24BF78C878C1FAD85207BE
:1002200024BF30C830C144BF04680C607047000070
:100230000023002400250026103A28BF78C1FBD8EF
:10024000520728BF30C148BF0B6070471FB50AF086
:100250007BFB0FBC00F014F80FB41FBD10B510BD30
:1002600000F06EF81146FFF7F1FF09F0BBFB00F05C
:100270008CF803B4FFF7F2FF03BC00F08FF8000026
:1002800000F0A3B80948804709480047FEE7FEE7A9
:10029000FEE7FEE7FEE7FEE7FEE7FEE7FEE7FEE736
:1002A00004480549054A064B70470000B57F000821
:1002B000D901000880890020808F0020808B0020D9
:1002C000808B00204FF0000200B5134694469646FE
:1002D000203922BFA0E80C50A0E80C50B1F1200159
:1002E000BFF4F7AF090728BFA0E80C5048BF0CC007
:1002F0005DF804EB890028BF40F8042B08BF704765
:1003000048BF20F8022B11F0804F18BF00F8012BD6
:10031000704770477047704710B500F009F80068E3
:1003200010BD10B5044600F003F8046010BD0000D5
:10033000004870477000002000487047700000209F
:100340007546FFF7F9FFAE4605006946534620F0B3
:100350000700854618B020B5FFF7A2FFBDE8204092
:100360004FF000064FF000074FF000084FF0000B71
:10037000AC46ACE8C009ACE8C009ACE8C009ACE8E0
:10038000C00921F007018D46704710B50446AFF350
:1003900000802046BDE81040FFF76BBF01491820E0
:1003A000ABBEFEE7260002000246C91C21F0030195
:1003B000D2E900031B1A8B4201D20020704701448E
:1003C000C91D21F00701116070472DE9F34F83B07B
:1003D00000274FF48074BA4603A821468DF80070B8
:1003E000FFF7E2FF5FEA000801D100F083F8214641
:1003F000404600F070F8060009D04FF0010B45466A
:10040000C14616F8014B8FB15C2C16D01CE008F1E8
:1004100008004146C8F800000020C8F80400D8F8D9
:1004200000402070012005B0BDE8F08F222C01D0E3
:10043000272C0FD12746BA462CE03078222807D047
:100440005C2805D0272803D0BC4203D1002721E037
:10045000761C04464CB12FB9202C06D0A4F109001B
:10046000042802D905F8014BCBE74D4502D1BAF17A
:10047000000F0FD052464946002005F8010B684690
:10048000AFF300809DF8000070B14D464FF0000AB8
:100490000BF1010B002CB4D14FEA8B0103A8FFF73D
:1004A00083FF040002D004E0A946EFE7002000F03B
:1004B00021F800204246C4F8008005E012F8011B34
:1004C00011B9401C44F82020AA42F7D3002144F877
:1004D00020102146A7E71CB50446CDE90001694676
:1004E0001520ABBE08B100201CBD20461CBD7047C6
:1004F0007047704710B500F009F8BDE81040AFF341
:100500000080002801D0FFF749BF704710B50128CF
:1005100005D0002103A000F021F8012010BD09A1A1
:10052000F8E7000053494752544D454D3A204F7566
:1005300074206F662068656170206D656D6F7279DB
:10054000000000003A2048656170206D656D6F7293
:100550007920636F727275707465640070B50546BA
:100560000C460A2000E06D1C00F011F835B1287827
:100570000028F8D102E0641C00F009F814B12078DA
:100580000028F8D1BDE870400A20AFF3008008B51C
:1005900069468DF800000320ABBE08BD80B58AB067
:1005A000089007910020059007980490089800682B
:1005B00006F096FD02900898006806F053FD019041
:1005C0000298002805D1FFE70198002800F0AB80D1
:1005D000FFE708980068C0688001002835D5FFE76C
:1005E0000898407F012830D1FFE70898007F012854
:1005F0002BD1FFE701200490FFE70898006800680E
:1006000000F040000021B1EB901F19D1FFE70598E1
:100610000021CAF2403188420ED3FFE70898C16D2D
:1006200041F01001C1650898016E41F001010166B9
:1006300001208DF827007AE0059801300590DCE76D
:100640000898006840210160FFE70498022815D04F
:10065000FFE70898006806F043FD00280DD0FFE78B
:100660000898006806F024FD002805D1FFE70898E7
:10067000006806F075FDFFE7FFE7FFE70498012833
:1006800015D0FFE70898006806F0ECFC00280DD0B4
:10069000FFE70898006806F00BFD002805D1FFE78A
:1006A0000898006806F0E6FCFFE7FFE7FFE704981C
:1006B0000228009007D0FFE70098032806D1FFE743
:1006C0000C20039005E00820039002E00420039032
:1006D000FFE704F03FF80690FFE70898006880689D
:1006E000039908421ED0FFE704F034F80699401A37
:1006F000062816D3FFE70898006880680399084227
:100700000ED0FFE70898C16D41F01001C16508984F
:10071000016E41F00101016601208DF8270006E01D
:10072000FFE7DAE7FFE700208DF82700FFE79DF8F5
:1007300027000AB080BD000080B584B00390039804
:10074000806A02900298C06D10F0500F4CD1FFE704
:100750000298C16D41F40071C1650298006800689B
:100760000007002822D5FFE70298006806F0C0FCC9
:1007700000281AD0FFE702980068C06880040028AB
:1007800012D4FFE70298C16D21F48071C16502980F
:10079000C06DC004002806D4FFE70298C16D41F087
:1007A0000101C165FFE7FFE7FFE719E00298006874
:1007B000C0688007002812D4FFE70298C16D21F4B9
:1007C0008071C1650298C06DC004002806D4FFE79F
:1007D0000298C16D41F00101C165FFE7FFE7FFE746
:1007E000029802F0F3FF13E00298C06DC0060028E3
:1007F00004D5FFE7029802F0FFFF08E00298406D81
:10080000406B03990190084601998847FFE7FFE78D
:1008100004B080BD80B582B001900198806A0090DC
:100820000098C16D41F04001C1650098016E41F032
:1008300004010166009802F0DFFF02B080BD0000F5
:1008400080B582B001900198806A0090009802F013
:10085000CFFF02B080BD000080B584B00290029846
:10086000006806F025FC00900298006806F028FC5D
:1008700000284DD0FFE70098002849D1FFE70298F3
:100880000068806800F00D00012809D1FFE7029898
:10089000006806F08FFB02980068032101600DE0FC
:1008A0000298C16D41F01001C1650298016E41F0DE
:1008B0000101016601208DF80F002DE003F04AFFD1
:1008C0000190FFE7029800688068C00700281ED0EA
:1008D000FFE703F03FFF0199401A032816D3FFE713
:1008E000029800688068C00700280ED0FFE70298D1
:1008F000C16D41F01001C1650298016E41F0010126
:10090000016601208DF80F0006E0FFE7DAE7FFE758
:1009100000208DF80F00FFE79DF80F0004B080BDA8
:1009200080B586B00490002002900498006806F01C
:10093000C7FB002840F09780FFE7049800688068B4
:100940003F21C8F2000108420ED0FFE70498C16DB4
:1009500041F01001C1650498016E41F0010101668A
:1009600001208DF8170082E00498006806F03CFB37
:10097000049800680121B0F1A04F01910CD0FFE76D
:10098000049800684FF60071CAF6FF710844B0FA87
:1009900080F040090190FFE70198C00740F2007124
:1009A000C5F2000100281CBF40F20031C5F2000171
:1009B000084606F037FB4FEA002000281DD5FFE768
:1009C00040F20000C2F200000068800942F6635164
:1009D000C0F23E51A0FB0101890901EB41010C224B
:1009E00002EB81010291FFE70298002804D0FFE7A3
:1009F000029801380290F7E7FFE703F0ABFE03909F
:100A0000FFE7049800680068C00700282AD1FFE7C4
:100A10000498006806F054FB002805D1FFE704980D
:100A2000006806F0E1FAFFE703F094FE0399401A2C
:100A3000032816D3FFE7049800680068C007002861
:100A40000ED1FFE70498C16D41F01001C165049813
:100A5000016E41F00101016601208DF8170006E0EA
:100A6000FFE7CEE7FFE700208DF81700FFE79DF8CE
:100A7000170006B080BD0000FFE7FEE780B548F232
:100A80005870C2F2000003F0A5FA80BD84B0039054
:100A90000398006840F20741C4F20201884211D86D
:100AA000FFE740F60000C4F20200009003980078CF
:100AB00008384CF6CD41CCF6CC41A0FB0101090928
:100AC000019112E040F62000C4F202000090039869
:100AD000007808384CF6CD41CCF6CC41A0FB0101A2
:100AE000082202EB11110191FFE700980290029891
:100AF00003994A6C22F0030210448864039840F67C
:100B00008001C4F20201C164019800F01F000121BC
:100B100001FA00F00399086504B0704782B00190B3
:100B20000198406800F07F000090009840F6FC01BA
:100B3000C4F2020101EB800001994865019840F67A
:100B40004011C4F2020181650098013800F01F00D5
:100B5000012101FA00F00199C86502B07047000058
:100B600084B003900291019200930398C16C006DD0
:100B700048600398406D002805D0FFE70398816D19
:100B8000C06D4860FFE70398016C406C00F01F00E7
:100B9000012202FA00F04860009803990968486051
:100BA00003988068102809D1FFE701980399096824
:100BB0008860029803990968C86008E00298039960
:100BC00009688860019803990968C860FFE704B064
:100BD0007047000082B08DED000A9DED000AB5EE71
:100BE000400AF1EE10FA07DAFFE79DED000AB1EED8
:100BF000400A8DED010A02E000980190FFE79DEDAB
:100C0000010A02B07047000080B58AB009900891CF
:100C10000792099842F25061405806909DED060AED
:100C20009FED6F1AB4EE410AF1EE10FA03DAFFE716
:100C300000200690FFE79DED060A9FED6A1AB4EECC
:100C4000410AF1EE10FA04DDFFE74FF07E50069006
:100C5000FFE7099890F82400002803D1FFE700205F
:100C60000690FFE79DED060A099842F25461084498
:100C700090ED001AB4EE410AF1EE10FA06DDFFE73E
:100C800041F26F20C3F68320059005E041F26F200A
:100C9000C3F683300590FFE7099890ED000A9DEDBB
:100CA000051A31EE001A80EE010A8DED040A9DED61
:100CB000040A9FED4D1AB7EE002AF0EE410A8DEDC1
:100CC000021AB0EE421A8DED012A00F025FD8DEDDD
:100CD000040A099842F25461084490ED000A9DED1F
:100CE000041A9DED062A32EE402A21EE021A30EE59
:100CF000010A80ED000A0998084490ED000ADDED34
:100D0000020A9DED011A009100F006FD0998009974
:100D1000084480ED000A099842F24462104490EDC4
:100D2000000AB0EE0C1AB4EE410AF1EE10FA30DA15
:100D3000FFE7099800F5195090ED000A9FED2B1A76
:100D4000B4EE410AF1EE10FA23DAFFE7099842F215
:100D50004861084490ED000A9FED251AB4EE410A5F
:100D6000F1EE10FA15DAFFE7099842F250610844F3
:100D700090ED000A9FED1A1AB4EE410AF1EE10FA56
:100D800006DAFFE7099842F2546100224250FFE779
:100D9000FFE700200390FFE7039802281ED8FFE733
:100DA0000898039900EB810090ED000A099842F23F
:100DB0005462104490ED001A079800EB810090ED0A
:100DC000002A32EE402A21EE021A30EE010A80EDAE
:100DD000000AFFE7039801300390DDE70AB080BD09
:100DE000CDCC4C3D48E17A3F00000000CDCC0C401A
:100DF0000000164480B586B00590059842F2246143
:100E0000084490ED000AF6EE080A9FED2F1A0391B0
:100E100000F082FC05980399084480ED000A0598CB
:100E200042F22862104490ED000ADFED280A9FED9F
:100E3000281A029200F070FC05980299084480ED8F
:100E4000000A059890ED010AB6EE001A20EE010A9C
:100E50008DED040A9DED040A059890ED001A31EE1F
:100E6000011AB4EE410AF1EE10FA08DAFFE705982C
:100E700090ED000A30EE000A8DED040AFFE79DEDCB
:100E8000040A9FED141AB4EE410AF1EE10FA06DDE1
:100E9000FFE741F26F20C3F683100490FFE7059847
:100EA00042F22C61084490ED000A9DED041AF1EE27
:100EB000410A019100F030FC05980199084480ED49
:100EC000000A06B080BD00BF6666A63F00000000B5
:100ED000CDCC0C3F6F12833984B003900291002077
:100EE0008DF803000190FFE7019802283FD8FFE743
:100EF0000298019900EB810090ED000A039890EDB3
:100F0000041AB4EE410AF1EE10FA0ADDFFE7039885
:100F100000690299019A41F8220001208DF803002E
:100F200020E00298019900EB810090ED000A0398FF
:100F300090ED041AB1EE411AB4EE410AF1EE10FA46
:100F40000FDAFFE7039890ED040AB1EE400A029829
:100F5000019900EB810080ED000A01208DF803006B
:100F6000FFE7FFE7FFE7019801300190BCE79DF83C
:100F7000030004B07047000080B58AB009908DED81
:100F8000080A09989DED080A01F076FA09984FF0D1
:100F90007E51C0F8981E099841F234028150012018
:100FA000069000200790FFE70798322862D8FFE7F5
:100FB0000998079900EB8100D0F8D00905900998AD
:100FC000079900EB8100D0F89C0A049009980799D2
:100FD00000EB8100D0F8000D03900998079900EB11
:100FE0008100D0F8CC0D02909DED050A9DED031A0D
:100FF00020EE010A9DED041A9DED022A21EE021A4F
:1010000030EE410A8DED010A9DED040A9DED031AB3
:1010100020EE010A9DED051A9DED022A21EE021A2D
:1010200030EE010A8DED000A05980999069A01EB48
:101030008201C1F8980E04980999069A01EB820181
:10104000C1F89C0E01980999069A01EB820141F2C0
:101050003402885000980999069A01EB820141F206
:1010600038028850069802300690FFE70798013052
:10107000079099E70AB080BD80B5A4B0DDF898C0AC
:101080002390229121922093239842F230610844C8
:1010900090ED000AB8EE081A20EE010AB1EE001A2F
:1010A00030EE010A8DED1F0A2398084490ED000AE6
:1010B0009FEDE01A20EE010A9FEDDF1A30EE010AE3
:1010C0008DED1E0A2398084490ED000A9FEDDB1A6F
:1010D00020EE010A9FEDDA1A30EE010A8DED1D0AAD
:1010E0002398084490ED000A9FEDD61A20EE010ADD
:1010F0009FEDD51A30EE010A8DED1C0A23980844A5
:1011000090ED000A9FEDD11A20EE010A9FEDD01A52
:1011100030EE010A8DED1B0A239890ED000A9DED3B
:101120001C1A31EE001A80EE010A8DED1A0A23987E
:1011300090ED000A9DED1B1A31EE001A80EE010AB7
:101140008DED190A9DED1A0A9FEDC21AB7EE002A1D
:10115000F0EE410A8DED061AB0EE421ACDF814C039
:1011600004918DED032A00F0D7FA8DED1A0A9DED5A
:10117000190ADDED060A9DED031A00F0CDFA8DED9A
:10118000190A239842F22861014491ED000A04995A
:10119000084490ED001AB5EE002A21EE021A30EE56
:1011A000010A8DED180A9DED180AB6EE081ADDED5C
:1011B000060A00F0B1FA8DED180A239842F2506148
:1011C000084490ED000A9FEDA41AB4EE410AF1EE36
:1011D00010FA03DAFFE7002018901FE0239842F28C
:1011E0005061084490ED000A9FED9C1AB4EE410A4C
:1011F000F1EE10FA11DAFFE79DED180A239842F29A
:101200005061084490ED001A9FED942A81EE021A75
:1012100020EE010A8DED180AFFE7FFE7239842F25E
:10122000246140581790239890ED010A42F22C61F6
:10123000084490ED001A30EE010A8DED160A9DED7E
:10124000160AB5EE400AF1EE10FA03DAFFE70020C5
:101250001690FFE723989DED160AFFF78DFE239861
:1012600042F23061014491ED000A9FED7D1A20EEBB
:10127000010A30EE010A90ED041A20EE010A8DED0C
:10128000150A00201490FFE71498022800F2EF815D
:10129000FFE72298149950F8210012900020139033
:1012A000FFE71398662853D8FFE71398002819D151
:1012B000FFE7239814994FF4CE7201FB0201139AB1
:1012C00001EB820101F2FC4191ED000A9DED1D1A36
:1012D00030EE010A00EB820041F2D011084480EDAB
:1012E000000A18E0239814994FF4CE7201FB020112
:1012F000139A01EB820101F2FC4191ED000A9DED90
:101300001E1A30EE010A00EB820041F2D0110844AF
:1013100080ED000AFFE72398139900EB810141F269
:10132000D012114491ED000AD0ED070A90ED081A91
:10133000029200F0F1F92398139900EB81000299D1
:10134000084480ED000AFFE7139801301390A8E7E6
:10135000002011901390FFE7139866281ED8FFE72E
:101360002398139900EB810202F6986292ED000A2D
:10137000149A4FF4CE7302FB030000EB810090ED52
:101380000A1A20EE010A9DED111A31EE000A8DEDC8
:10139000110AFFE7139801301390DDE79DED120A63
:1013A0009DED111A30EE410A8DED100A1F980F9035
:1013B00000201390FFE7139866281CD8FFE72398B6
:1013C000139900EB810000F6986191ED000A20EE80
:1013D000000A41F2D011084490ED001A20EE010AF3
:1013E0009DED0F1A31EE000A8DED0F0AFFE71398FD
:1013F00001301390DFE79DED0F0A9FED9E1AB4EECA
:10140000410AF1EE10FA06DAFFE74BF6CC40C2F6DD
:101410008C300F90FFE79DED0F0AB7EE001A81EEBA
:10142000000A8DED0E0A00201390FFE7139866283E
:1014300074D817E0FBEDEB3A17B75139BD37863654
:10144000BD3786357333DCB952491D3AC2642ABAB6
:10145000FAED6B3A00000000CDCCCC3D9A99993E54
:10146000CDCC4C3E2398139900EB810041F2D01172
:10147000421892ED000A00F6986090ED001A20EEF6
:10148000010A9DED0E1A20EE010A8DED080A23983F
:10149000149A4FF4CE7302FB0300139A00EB820000
:1014A00090ED0A0A9DED081A9DED102A21EE021A10
:1014B00030EE010A80ED0A0A9DED080A2398139A7E
:1014C00000EB820000F6986292ED001A20EE010A0D
:1014D000B7EE001A31EE400A084490ED001A20EEF3
:1014E000010A8DED070A9DED070A2398D0ED070A42
:1014F00090ED081A019300F00FF923981499019ABE
:1015000001FB0200139900EB810000F2FC4080ED2A
:10151000000AFFE713980130139087E700200D9031
:101520001390FFE7139866281FD8FFE723981399B5
:1015300000EB810241F234031A4492ED000A149A3E
:101540004FF4CE7302FB030000EB810090ED0A1A0A
:1015500020EE010A9DED0D1A31EE000A8DED0D0A07
:10156000FFE7139801301390DCE710980C90239854
:10157000149900EB810041F26C3140580B90239894
:10158000149A00EB8200084490ED000A9DED1A1AAF
:101590009DED0C2A32EE402A21EE021A30EE010AAD
:1015A00080ED000A2398149A00EB82020A4492ED1F
:1015B000000A9DED0B1A30EE410A90ED001A80EE04
:1015C000010A8DED0A0A2398149A00EB820041F279
:1015D0007832104490ED000A9DED191A9DED0A2A0B
:1015E00032EE402A21EE021A30EE010A80ED000AA6
:1015F0002398149B00EB8300014491ED000A9DEDBC
:10160000161A104490ED002A21EE021A30EE010A5B
:101610008DED090A9DED090A9DED151AF1EE410ABD
:1016200000F07AF88DED090A0D982099149A41F886
:10163000220009982699149A41F822009DED170A74
:101640009DED0D1A20EE010A9DED181A9DED092A57
:1016500021EE021A30EE010A2198149900EB810064
:1016600080ED000AFFE71498013014900CE624B0D6
:1016700080BD00BFCCBC8C2B86B00A4603468DEDE6
:10168000040ACDED030AADF80A00ADF808109DED8F
:10169000030AB5EE400AF1EE10FA05DCFFE7BDF8EB
:1016A0000A00ADF8160032E09DED040A9DED031A24
:1016B00080EE010AB6EE001A30EE010A8DED010A45
:1016C0009DED010ABDF80A0001EE100AB8EE411ABC
:1016D000B4EE410AF1EE10FA05DAFFE7BDF80A00B0
:1016E000ADF8160013E09DED010ABCEEC00A8DEDC9
:1016F000000A0098BDF80810884204D9FFE7BDF839
:1017000008000090FFE70098ADF81600FFE7BDF86D
:10171000160006B07047000084B08DED020ACDEDD2
:10172000010A8DED001A9DED020A9DED011AB4EE3D
:10173000410AF1EE10FA03DAFFE7019803900FE097
:101740009DED020A9DED001AB4EE410AF1EE10FA89
:1017500003DDFFE70098039002E002980390FFE7A3
:101760009DED030A04B0704780B5AEB02D902C916A
:101770002D9842F2AC61002242542D9842F2AD61A4
:1017800042542D9842F21C61405AADF8AE00BDF8AB
:10179000AE002D9942F21E62895A88420ADBFFE7A9
:1017A000BDF8AE002D9942F21E62895A401AADF87A
:1017B000AE000AE0BDF8AE002D9942F21E62895AD1
:1017C000401A8030ADF8AE00FFE72D9842F25C6120
:1017D000415842F22062825A42F21E63C05A1044BB
:1017E0000530814201D8FFE79DE32D9842F2AC61BC
:1017F0000122425400201D901C901B902A90FFE76C
:101800002A98022868D8FFE72D982A9900EB4120F2
:10181000BDF8AE2000EB820041F29C32805827AA2E
:1018200042F821002D982A9900EB4120BDF8AE30F6
:1018300000EB830041F69C13C05824AB43F8210011
:101840002D982A9900EB4120BDF8AE3000EB8300C3
:1018500041F69C73C05821AB43F821002C982A997B
:1018600000EB810090ED000A02EB810090ED001A80
:1018700030EE410A1EA800EB810181ED000A2A9991
:1018800000EB810090ED000A20EE000A9DED1D1A8C
:1018900031EE000A8DED1D0A2C982A9900EB81008B
:1018A00090ED000A20EE000A9DED1C1A31EE000AB0
:1018B0008DED1C0A2A9802EB800090ED000A20EEC4
:1018C000000A9DED1B1A31EE000A8DED1B0AFFE7A1
:1018D0002A9801302A9093E72D9890ED000A9FED09
:1018E000D91A30EE011A80EE010A8DED1A0A9DED2B
:1018F0001A0A9FEDD51AB4EE410AF1EE10FA06DD90
:10190000FFE74CF6CD40C3F64C501A90FFE72D98F8
:1019100042F23461084490ED000A9DED1A1A9DEDE3
:101920001D2A9FEDCA3A22EE032A32EE402A21EE0A
:10193000021A30EE010A80ED000A2D9842F2386258
:10194000104490ED000A9DED1A1A9DED1C2A22EE1E
:10195000032A32EE402A21EE021A30EE010A80ED0F
:10196000000A2D9842F23C62104490ED000A9DED71
:101970001A1A9DED1B2A22EE032A32EE402A21EE8E
:10198000021A30EE010A80ED000A2D98084490ED0D
:10199000000AB5EE400AF1EE10FA06DAFFE72D98DC
:1019A00042F2346100224250FFE72D9842F2386142
:1019B000084490ED000AB5EE400AF1EE10FA06DA9E
:1019C000FFE72D9842F2386100224250FFE72D9840
:1019D00042F23C61084490ED000AB5EE400AF1EE97
:1019E00010FA06DAFFE72D9842F23C6100224250DD
:1019F000FFE72D9842F23461084490ED000A08F0A8
:101A0000C9FE8DED190A2D9842F23861084490ED17
:101A1000000A08F0BFFE8DED180A2D9842F23C61D5
:101A2000084490ED000A08F0B5FE8DED170A1898ED
:101A300016909DED170A9DED161AB4EE410AF1EECF
:101A400010FA03DDFFE717981690FFE79DED190ADE
:101A50009DED161AB6EE002A31EE021A80EE010A4A
:101A60008DED150A2C9890ED000AD0ED010A90ED4D
:101A7000021A00F079FA8DED140A189813909DED72
:101A8000140A9DED131AB4EE410AF1EE10FA03DDCB
:101A9000FFE714981390FFE72D98BDF8AE100844A7
:101AA00042F29C51405C8DF84B0000208DF83700CD
:101AB0009DED130AB7EE001AB4EE410AF1EE10FAEA
:101AC00031DDFFE79DF84B0000282CD1FFE79DEDAD
:101AD000190AB6EE001AB4EE410AF1EE10FA22DD50
:101AE000FFE79DED150A9FED5A1AB4EE410AF1EE9B
:101AF00010FA18DDFFE72D9842F25061084490ED8E
:101B0000000A9FED541AB4EE410AF1EE10FA0ADB16
:101B1000FFE72D9890F82500002804D0FFE701206A
:101B20008DF83700FFE79DED190ABEEE001A30EE82
:101B3000010AB1EE021A80EE010A8DED110A9DED47
:101B4000150A9FED451A30EE010A9FED441A80EE0A
:101B5000010A8DED100A9DED110A9FED411AB7EEB5
:101B6000002AF0EE410A8DED031AB0EE421A8DED17
:101B7000022AFFF7D1FD8DED110A9DED100ADDED72
:101B8000030A9DED021AFFF7C7FD8DED100A1198AB
:101B90000F909DED100A9DED0F1AB4EE410AF1EE83
:101BA00010FA03DDFFE710980F90FFE79DED130A91
:101BB000B7EE001AB4EE410AF1EE10FA13DDFFE7BA
:101BC0009DF84B0000280ED1FFE72D9842F250619E
:101BD000084490ED000A9FEDD51AB4EE410AF1EEEB
:101BE00010FA03DAFFE700200F90FFE79DED130ADC
:101BF000B7EE001AB4EE410AF1EE10FA0CDCFFE782
:101C00002D9890ED000A9FEDCC1A30EE011A80EE6F
:101C1000010A8DED0E0A0BE02D9890ED000A9FED64
:101C2000C51A30EE011A80EE010A8DED0E0AFFE7AB
:101C30009DED0E0A9FEDC11AB4EE410AF1EE10FAC5
:101C400016DD0FE0A69B443BCDCC4C3DABAAAA3E93
:101C50008FC2F53C9A99193E8FC2F5BC90C2F53DF2
:101C6000000000004DF20A70C3F6A3400E90FFE79B
:101C70002D9842F23061084490ED000A9DED0E1A55
:101C80009DED0F2A32EE402A21EE021A30EE010AB3
:101C900080ED000A2D98084490ED000ADFEDA40ABB
:101CA000B7EE001A0191FFF737FD2D98019908440E
:101CB00080ED000A9DF83700002800F01681FFE74C
:101CC00000200C900B900A900990089007902A90A1
:101CD000FFE72A98022868D8FFE72A981EA901EB97
:101CE000800292ED000A24AA02EB800090ED001A17
:101CF00020EE010A9DED0C1A31EE000A8DED0C0A62
:101D00002A9802EB800090ED000A20EE000A9DED7B
:101D10000B1A31EE000A8DED0B0A2A9801EB8002B6
:101D200092ED000A21AA02EB800090ED001A20EE4D
:101D3000010A9DED0A1A31EE000A8DED0A0A2A9871
:101D400002EB800090ED000A20EE000A9DED091ADA
:101D500031EE000A8DED090A2A9801EB800191ED20
:101D6000000A2D9901EB800041F29031084490ED7A
:101D7000001A20EE010A9DED081A31EE000A8DEDE1
:101D8000080A2D982A9A00EB8200084490ED000A78
:101D900020EE000A9DED071A31EE000A8DED070ACC
:101DA000FFE72A9801302A9093E79DED0B0A9FEDFB
:101DB000641AB4EE410AF1EE10FA2BDDFFE79DED57
:101DC0000C0A9DED0B1A9FED5F2A31EE021A80EE90
:101DD000010A8DED060A9DED060ADFED5B0A9FED17
:101DE0005B1AFFF799FC8DED060A2D9842F22461EB
:101DF000084490ED000A9DED0E1A9FED552A21EE44
:101E0000021A9DED062A21EE021A30EE010A80ED3B
:101E1000000AFFE79DED090A9FED491AB4EE410A59
:101E2000F1EE10FA2BDDFFE79DED0A0A9DED091A90
:101E30009FED442A31EE021A80EE010A8DED050A6B
:101E40009DED050AFDEE000AB5EE001AFFF764FCF1
:101E50008DED050A2D9842F22861084490ED000AA4
:101E60009DED0E1A9FED3B2A21EE021A9DED052AEB
:101E700021EE021A30EE010A80ED000AFFE79DED27
:101E8000070A9FED351AB4EE410AF1EE10FA2BDD88
:101E9000FFE79DED080A9DED071A9FED2A2A31EE16
:101EA000021A80EE010A8DED040A9DED040ADFEDB1
:101EB0002B0A9FED2B1AFFF72FFC8DED040A2D98AE
:101EC00042F22C61084490ED000A9DED0E1A9FED40
:101ED000252A21EE021A9DED042A21EE021A30EE87
:101EE000010A80ED000AFFE7FFE72D98FEF782FF69
:101EF00019982D9942F26C62885018982D9942F2E7
:101F00007062885017982D9942F274628850159823
:101F10002D9942F2786288509DF837002D9942F24F
:101F2000AD628854FFE72EB080BD00BF9A99193E7C
:101F3000000000006F12033B6F12033A0AD7A33C64
:101F4000BD3786355F708930CDCC4CBECDCC4C3E94
:101F50006666E63E3333B33E0050C347ACC5A7B810
:101F6000ACC5A7389A99193F80B586B08DED050AA2
:101F7000CDED040A8DED031A9DED050AFEF72AFE4C
:101F80008DED020A9DED040AFEF724FE8DED010A97
:101F90009DED030AFEF71EFE8DED000A9DED010A80
:101FA0009DED021AB4EE410AF1EE10FA03DDFFE7EF
:101FB00001980290FFE79DED000A9DED021AB4EE34
:101FC000410AF1EE10FA03DDFFE700980290FFE707
:101FD0009DED020A06B080BD80B586B005908DEDFE
:101FE000040A0598002801D1FFE748E0002003908B
:101FF000FFE7039832283CD8FFE705989DED030AD8
:10200000B8EE400A90ED021A90ED032A20EE020A83
:1020100031EE000A8DED020A9DED020A9FED191ABC
:1020200020EE010A8DED010A9DED010A9DED041AD5
:1020300020EE010A8DED000A9DED000A08F03AFA43
:102040000598039900EB810000F5506080ED000ACF
:102050009DED000A08F0D6FA0598039900EB81007F
:1020600000F6CC5080ED000AFFE7039801300390A2
:10207000BFE70498059942F258628850FFE706B01E
:1020800080BD00BFDB0FC94080B584B08DED030A71
:10209000CDED020A8DED011A9DED030A20EE000A36
:1020A0009DED021A21EE011A30EE010A9DED011A92
:1020B00021EE011A30EE010A9FED031A20EE010A0B
:1020C00008F068FB04B080BDABAAAA3E80B586B01C
:1020D00005900491059890ED000A9FED301A30EEBE
:1020E000011A80EE010A8DED020A9DED020ADFED74
:1020F0002C0AB7EE001AFFF70FFB8DED020A002045
:102100000390FFE70398022845D8FFE7059842F2BD
:102110005C614058022817D3FFE70498039900EB4D
:10212000810090ED000A059800EB810141F28432B4
:10213000114491ED001A30EE410A90ED001A80EE44
:10214000010A8DED010A02E000200190FFE70598E9
:10215000039900EB810041F29031084490ED000AB0
:102160009DED021A9DED012A32EE402A21EE021A5F
:1021700030EE010A80ED000A0498039950F821001E
:10218000059A02EB810141F284328850FFE70398FF
:1021900001300390B6E706B080BD00BF17B75139D4
:1021A0000000000080B58EB005AA0D900C910C982F
:1021B00090ED000AD0ED010A90ED021A0392FFF7AC
:1021C00063FF039880ED060A0C9991ED000AD1EDAA
:1021D000010A91ED021AFFF7C7FE039880ED050A88
:1021E0000D9941F29032114491ED000AD1ED010AAE
:1021F00091ED021AFFF748FF039880ED040A0D994C
:1022000091ED000A9FED961A30EE011A80EE010A58
:1022100080ED030A90ED030ADFED920AB7EE001A93
:10222000FFF77AFA039880ED030A0D9901F5195129
:1022300091ED000A90ED031A90ED062A32EE402A45
:1022400021EE021A30EE010A81ED000A0D9942F2E8
:102250004462114491ED000A90ED031A90ED052AB5
:1022600032EE402A21EE021A30EE010A81ED000A18
:102270000D9942F24863194491ED000A90ED031A5A
:1022800090ED042A32EE402A21EE021A30EE010AC5
:1022900081ED000A00218DF813100D99114491ED84
:1022A000000AB1EE061AB4EE410AF1EE10FA11DDA1
:1022B000FFE70D9800F5195090ED000AB0EE0C1AEA
:1022C000B4EE410AF1EE10FA04DDFFE701208DF8CB
:1022D0001300FFE70D9842F24461084490ED000AB4
:1022E0009FED611AB4EE410AF1EE10FA12DDFFE73C
:1022F0000D9842F24861084490ED000A9FED5B1A88
:10230000B4EE410AF1EE10FA04DDFFE701208DF88A
:102310001300FFE700208DF812000D9842F244618F
:10232000084490ED000AB0EE0C1AB4EE410AF1EE4A
:1023300010FA1FDAFFE70D9800F5195090ED000A2A
:102340009FED4B1AB4EE410AF1EE10FA12DAFFE7F4
:102350000D9842F24861084490ED000A9FED451A3D
:10236000B4EE410AF1EE10FA04DAFFE701208DF82D
:102370001200FFE79DF81300002804D0FFE74FF09C
:102380007E5007900EE09DF81200002803D0FFE772
:102390000020079005E00D9842F2506140580790E8
:1023A000FFE7FFE7039890ED020A0D9942F25062B1
:1023B000114491ED001AB4EE410AF1EE10FA06DD77
:1023C000FFE74BF21770C3F65120069005E04CF67C
:1023D000CD40C3F6CC400690FFE70D9890ED000A83
:1023E000039890ED011A31EE001A80EE010A80ED9B
:1023F000000A90ED000A9FED1B1AB7EE002AF0EEDE
:10240000410A8DED021AB0EE421A8DED012AFFF756
:1024100083F9039880ED000A0D9942F2506211444D
:1024200091ED000A90ED001A90ED022A32EE402A5A
:1024300021EE021A30EE010A81ED000A0D991144D5
:1024400091ED000ADDED020A9DED011A0092FFF701
:1024500063F90D980099084480ED000A0EB080BD24
:102460006F12033B00000000CDCC8C40000096446E
:10247000CDCC0C400000164480B584B002A9039076
:1024800081ED000A03980028009101D1FFE732E0B6
:1024900000208DF80700039842F25C614058012843
:1024A00004D8FFE701208DF80700FFE7009890EDC2
:1024B000000A039942F25862114491ED001A30EE7D
:1024C000410AFEF787FB9FED0D1AB4EE410AF1EECB
:1024D00010FA04DDFFE701208DF80700FFE79DF803
:1024E0000700002807D0FFE70398009991ED000A44
:1024F000FFF772FDFFE704B080BD00BFBD370635B2
:1025000087B0069000200590FFE7059832287ED816
:10251000FFE70698059900EB8100D0F8D0090490F8
:102520000698059900EB8100D0F89C0A03909DED78
:10253000040A0698059900EB810000F6683191EDD8
:10254000001A20EE010A9DED031A00F6344090EDCA
:10255000002A21EE021A30EE410A8DED020A9DEDAD
:10256000030A0698059900EB810000F6683191EDA9
:10257000001A20EE010A9DED041A00F6344090ED99
:10258000002A21EE021A30EE010A8DED010A0698AA
:1025900042F25C61405C4006002825D1FFE79DEDDA
:1025A000020A20EE000A9DED011A21EE011A30EE1A
:1025B000010ABEEE001A20EE010AB7EE081A30EE4C
:1025C000010A8DED000A9DED000A9DED021A21EE33
:1025D000000A8DED020A9DED000A9DED011A21EE23
:1025E000000A8DED010AFFE702980699059A01EBB2
:1025F0008201C1F8D00901980699059A01EB820180
:10260000C1F89C0AFFE70598013005907DE707B007
:102610007047000081B000900098002801D1FFE7CA
:1026200085E0009890ED000AB5EE400AF1EE10FA50
:1026300007DCFFE700984BF21771C3F65101016008
:10264000FFE7009890ED010AB5EE400AF1EE10FAAE
:1026500004DAFFE7009800214160FFE7009890ED61
:10266000020AB5EE400AF1EE10FA06DCFFE7009828
:102670000021C4F2C8118160FFE7009890ED030AC1
:10268000B5EE400AF1EE10FA05DCFFE700984FF0D6
:102690007E51C160FFE7009890ED040AB5EE400A54
:1026A000F1EE10FA06DCFFE700980021C4F2A02149
:1026B0000161FFE7009890ED050AB5EE400AF1EEE2
:1026C00010FA04DAFFE7009800214161FFE7009863
:1026D00090ED060AB5EE400AF1EE10FA06DCFFE7CF
:1026E00000980021C4F2C8218161FFE7009890EDB5
:1026F000070AB5EE400AF1EE10FA07DCFFE7009892
:102700004CF67741C3F22B21C161FFE7009890EDB1
:10271000070A90ED081AB4EE401AF1EE10FA06DC42
:10272000FFE700980021C4F2FA310162FFE701B02F
:10273000704700007047000082B0009000980028A9
:1027400003D1FFE70020019005E0009842F26461A8
:1027500008440190FFE7019802B0704781B00090F3
:102760000098002801D1FFE737E000984BF217717D
:10277000C3F651010160009843F6BD21C3F647112D
:10278000416000980021C4F2C811816000984FF0A8
:102790007E51C16000980021C4F2A021016100981F
:1027A0004CF28F21C3F6F541416100980021C4F23B
:1027B000C821816100984CF67741C3F22B21C16199
:1027C00000980021C4F2FA3101620098012180F8DA
:1027D0002410009880F82510FFE701B07047000032
:1027E00010B594B0139012911398002801D1FFE70F
:1027F0002DE108A8FFF7B2FF129800281AD0FFE7D2
:102800001298016842688368D0F80CC0D0F810E0D4
:1028100044690D94CDF830E0CDF82CC00A930992AC
:1028200008918169C269036A406A119010930F92FE
:102830000E91FFE708A8FFF7EDFE139842F2B06192
:10284000FDF740FD13980899099A0A9BDDF82CC002
:10285000DDF830E00D9C4461C0F810E0C0F80CC019
:102860008360426001600E990F9A109BDDF844C0AE
:10287000C0F824C00362C26181611398D0ED000AE0
:1028800090ED010A01207E210190FEF7F5FE1399DB
:1028900042F21E6288521398D0ED000A90ED050AAC
:1028A0004EF660210198FEF7E7FE139942F220628E
:1028B0008852139842F21C6100224252139842F24D
:1028C00024614FF07F534350139842F228614CF635
:1028D000CD43C3F64C634350139842F22C6143F24C
:1028E000BD7CC3F2865C40F801C0139842F23061AF
:1028F0004350139842F250614250139842F254618F
:1029000042500792FFE70798022826D8FFE70020E9
:102910000690FFE7069866281AD8FFE713980799EC
:102920004FF4CE7201FB0200069900EB81000021FA
:10293000816213988169079B03FB0200069A00EBF2
:102940008200C0F8FC14FFE7069801300690E1E72A
:10295000FFE7079801300790D5E700200590FFE7D3
:10296000059832284CD8FFE713989DED050AB8EE7C
:10297000400A90ED021A90ED032A20EE020A31EE91
:10298000000A8DED040A9DED040A9FED321A20EE37
:10299000010A8DED030A9DED030A139890ED001ACC
:1029A00020EE010A8DED020A1398059900EB8100D3
:1029B0004FF07E51C0F8D0191398059900EB8100B3
:1029C0000021C0F89C1A9DED020A07F073FD1398D0
:1029D000059900EB810000F6683080ED000A9DED5E
:1029E000020A07F00FFE1398059900EB810000F62C
:1029F000344080ED000AFFE7059801300590AFE70D
:102A0000139842F258610022CBF68072425013981C
:102A100090ED010A42F22C61014491ED001A30EE72
:102A2000010AFFF7D9FA139842F21E61415A42F2A5
:102A300068628152139842F22061415A42F26A62FE
:102A40008152139842F2606101224254FFE714B0B0
:102A500010BD00BFDB0FC94080B59CB00DF1200C4C
:102A60001B908CED120ACCED110A8CED101A179107
:102A7000169215931B980028CDF814C007D0FFE7D5
:102A80001B9842F26061405C002819D1FFE717985B
:102A9000002804D0FFE71A9817990860FFE71698F6
:102AA000002804D0FFE7199816990860FFE71598E9
:102AB000002804D0FFE7189815990860FFE74FE158
:102AC0001B9842F25C614258013242501A981290AF
:102AD00019981390189814901B9812AA04911146F3
:102AE0000392FFF7F3FA1B980399FFF75BFB1B9820
:102AF0000399FEF739FE1B98694609AA0A600FA9D7
:102B00000CAB039A02911146029AFEF7B5FA1B9894
:102B10000399029AFEF778F81B980299FEF7DCF900
:102B20008DF81B001B980499425842F22063C05A4A
:102B3000824215D2FFE71B9842F25C61014491ED9D
:102B4000000AB8EE400A42F22061405A01EE100A33
:102B5000B8EE411A80EE010A059880ED000A03E004
:102B60004FF07E500890FFE700200790FFE707989E
:102B7000022812D8FFE7059890ED000A07990FAADE
:102B800002EB810191ED001A21EE000A81ED000AAD
:102B9000FFE7079801300790E9E700200790FFE77B
:102BA000079802282ED8FFE707980FA951F82010A0
:102BB0001B9A02EB402042F21C63D25A00EB8200C7
:102BC00041F29C32815007980CA951F820101B9AB1
:102BD00002EB4020D25A00EB820041F69C12815059
:102BE000079809A951F820101B9A02EB4020D25AED
:102BF00000EB820041F69C728150FFE7079801309C
:102C00000790CDE79DF81B001B9942F21C628B5A7E
:102C1000194442F29C53C8541B98815A0131815285
:102C20001B98805A802806D3FFE71B9842F21C614C
:102C300000224252FFE71B9842F25C61415842F287
:102C4000646281501B9842F21E61415A42F26862EE
:102C500081521B9842F22061415A42F26A628152CB
:102C60001B9842F22461415842F27C6281501B98C9
:102C700042F2286141584FF41A5281501B9842F297
:102C80002C61415842F2846281501B9842F23061BB
:102C9000415842F2886281501B9842F2506142587A
:102CA00042F28C63C2501B9842F25462825842F244
:102CB0009063C2501B984FF41952825842F29463A9
:102CC000C2501B9842F24462825842F29863C2504A
:102CD0001B9842F24862825842F29C63C2500F989D
:102CE0001B9A42F2A063D05010981B9A42F2A46340
:102CF000D05011981B9A42F2A863D0509DF81B0047
:102D00001B9A42F2AE63D0541B98014491ED000A25
:102D10009FED141A0021B4EE410AF1EE10FAC8BF7B
:102D2000012142F2AF6281541798002804D0FFE7D6
:102D30000F9817990860FFE71698002804D0FFE75E
:102D4000109816990860FFE71598002804D0FFE74F
:102D5000119815990860FFE71B98FFF7D1FBFFE773
:102D60001CB080BD9A99193E81B0EFF3108072B605
:102D70000090FFE7FEE7000080B586B00490039165
:102D800000200190FFE7049890F85800012804D132
:102D9000FFE702208DF817005CE00498012180F81D
:102DA0005810FFE7FFE70498FDF756FD8DF80B007C
:102DB0009DF80B0000283CD1FFE70498C06D40F05F
:102DC000020020F488500499C865049800680399AB
:102DD00004F090FAFFE70498006804F059F900281D
:102DE0001ED0FFE701980130019001984DF6026175
:102DF000C0F20401884212D3FFE70498C06D40F08E
:102E0000100020F002000499C865FFE70498002133
:102E100080F85810FFE701208DF817001AE0DAE774
:102E20000498C06D40F0010020F002000499C865CC
:102E300005E00498C16D41F01001C165FFE7FFE7AF
:102E40000498002180F85810FFE79DF80B008DF8DA
:102E50001700FFE79DF8170006B080BD80B5CEB023
:102E60002E902D9100208DF8B30029902D98C068E8
:102E70000021C4F27F01884201D0FFE700E0FFE7B4
:102E8000FFE72E9890F85800012805D1FFE70220AF
:102E90008DF8BF0000F096BC2E98012180F85810E4
:102EA000FFE7FFE72E98006804F01AF9002840F0C9
:102EB0007584FFE72E9800682D990A68496804F028
:102EC00023F92E98006804F00BF928902E980068DA
:102ED00004F0C8F827902898002840F0D281FFE736
:102EE0002798002840F0CD81FFE72D988068B0F149
:102EF000004F0ED1FFE72E9800682D990968002237
:102F000004F03CF92E9800684FF0004104F0E4F919
:102F10000FE02E9800682D990A688968269111465D
:102F2000269A04F02BF92E980068002104F0D4F9B9
:102F3000FFE72D9840692E990968C96801F01801CA
:102F4000890888402B902D980069042822D0FFE73B
:102F50002E9800682D990A6809692B9B04F062F984
:102F60002E9800682D990A69896925911146259A3C
:102F700004F08AF92E9800682D990A69097F0139B1
:102F8000B1FA81F14909490624911146249A04F0C5
:102F900067F975E12E980068002104F053F84003AA
:102FA000002809D1FFE72E980068002104F04AF8B4
:102FB000C0F38460239019E02E980068002104F08B
:102FC00041F890FAA0F030903098002804D1FFE743
:102FD00020208DF8C70005E03098B0FA80F08DF819
:102FE000C700FFE79DF8C7002390FFE723982D99BE
:102FF000096849030029229006D1FFE72D9800684F
:10300000C0F38460219016E02D98006890FAA0F03B
:1030100032903298002804D1FFE720208DF8CF00AD
:1030200005E03298B0FA80F08DF8CF00FFE79DF808
:10303000CF002190FFE721982299814208D1FFE734
:103040002E98006800212091209A04F031F9FFE7C2
:103050002E980068012103F0F5FF4003002809D1F4
:10306000FFE72E980068012103F0ECFFC0F38460B5
:103070001F9019E02E980068012103F0E3FF90FAF9
:10308000A0F034903498002804D1FFE720208DF878
:10309000D70005E03498B0FA80F08DF8D700FFE74C
:1030A0009DF8D7001F90FFE71F982D9909684903E5
:1030B00000291E9006D1FFE72D980068C0F38460B8
:1030C0001D9016E02D98006890FAA0F03690369882
:1030D000002804D1FFE720208DF8DF0005E03698B6
:1030E000B0FA80F08DF8DF00FFE79DF8DF001D905B
:1030F000FFE71D981E99814207D1FFE72E980068CF
:103100000121002204F0D4F8FFE72E980068022184
:1031100003F098FF4003002809D1FFE72E980068CC
:10312000022103F08FFFC0F384601C9019E02E98F9
:103130000068022103F086FF90FAA0F038903898DA
:10314000002804D1FFE720208DF8E70005E038983B
:10315000B0FA80F08DF8E700FFE79DF8E7001C90DB
:10316000FFE71C982D990968490300291B9006D197
:10317000FFE72D980068C0F384601A9016E02D9840
:10318000006890FAA0F03A903A98002804D1FFE73E
:1031900020208DF8EF0005E03A98B0FA80F08DF825
:1031A000EF00FFE79DF8EF001A90FFE71A981B99D0
:1031B000814207D1FFE72E9800680221002204F027
:1031C00077F8FFE72E980068032103F03BFF4003E8
:1031D000002809D1FFE72E980068032103F032FF91
:1031E000C0F38460199019E02E980068032103F061
:1031F00029FF90FAA0F04A904A98002804D1FFE7EE
:1032000020208DF82F0105E04A98B0FA80F08DF863
:103210002F01FFE79DF82F011990FFE719982D99CD
:10322000096849030029189006D1FFE72D98006826
:10323000C0F38460179016E02D98006890FAA0F013
:103240004C904C98002804D1FFE720208DF83701DE
:1032500005E04C98B0FA80F08DF83701FFE79DF853
:1032600037011790FFE717981899814207D1FFE7B8
:103270002E9800680321002204F01AF8FFE7FFE708
:10328000FFE72E98006803F01BFF002840F05B81E9
:10329000FFE72E9800682D990A68C96816911146B3
:1032A000169A03F087FF2D98C0680021C4F27F01B1
:1032B000884240F04781FFE72E9800682D99096801
:1032C00049030029159006D1FFE72D980068C0F347
:1032D0008460149016E02D98006890FAA0F0489051
:1032E0004898002804D1FFE720208DF8270105E049
:1032F0004898B0FA80F08DF82701FFE79DF8270184
:103300001490FFE71498013000F01F00092800F224
:103310008580FFE72D9800684003002806D1FFE76D
:103320002D980068C0F38460139016E02D98006813
:1033300090FAA0F046904698002804D1FFE720209C
:103340008DF81F0105E04698B0FA80F08DF81F0156
:10335000FFE79DF81F011390FFE71398013000F07D
:103360001F0080062D99096849030029129006D193
:10337000FFE72D980068C0F38460119016E02D9847
:10338000006890FAA0F044904498002804D1FFE728
:1033900020208DF8170105E04498B0FA80F08DF8F0
:1033A0001701FFE79DF817011190FFE71198013011
:1033B00000F01F00012101FA00F0129908432D9A34
:1033C00012685203002A109006D1FFE72D9800687A
:1033D000C0F384600F9016E02D98006890FAA0F07A
:1033E00042904298002804D1FFE720208DF80F0179
:1033F00005E04298B0FA80F08DF80F01FFE79DF8E4
:103400000F010F90FFE70F98013000F01F0000EB55
:103410004000109941EA00500E9089E02D98006814
:103420004003002806D1FFE72D980068C0F38460B0
:103430000D9016E02D98006890FAA0F0409040980A
:10344000002804D1FFE720208DF8070105E040980F
:10345000B0FA80F08DF80701FFE79DF807010D90A5
:10346000FFE70D98013000F01F0080062D990968D4
:10347000490300290C9006D1FFE72D980068C0F39E
:1034800084600B9016E02D98006890FAA0F03E90B2
:103490003E98002804D1FFE720208DF8FF0005E0CA
:1034A0003E98B0FA80F08DF8FF00FFE79DF8FF002E
:1034B0000B90FFE70B98013000F01F00012101FA8B
:1034C00000F00C9908432D9A12685203002A0A90C2
:1034D00006D1FFE72D980068C0F38460099016E0DC
:1034E0002D98006890FAA0F03C903C98002804D1F8
:1034F000FFE720208DF8F70005E03C98B0FA80F057
:103500008DF8F700FFE79DF8F7000990FFE70998AD
:10351000013000F01F0000EB40000021CFF62061D9
:1035200001EB00500A99084340F000700E90FFE74D
:103530000E982D998A68159908900846089903F005
:103540001DFEFFE7FFE72D98408848F2080108427A
:1035500000F02381FFE72E9800680121B0F1A04F11
:1035600007910CD0FFE72E9800684FF60071CAF65D
:10357000FF710844B0FA80F040090790FFE7079810
:10358000C00740F20071C5F2000100281CBF40F2E4
:103590000031C5F20001084603F044FD2A902D9841
:1035A000006840F20001CCF22131884208D0FFE7E8
:1035B0002D9800681021C9F2C00188425ED1FFE752
:1035C0009DF8AA000006002858D4FFE72E9800684E
:1035D000B0F1A04F09D0FFE72E98006840F20061DB
:1035E000C5F20001884248D1FFE72E98006801210A
:1035F000B0F1A04F06910CD0FFE72E9800684FF66F
:103600000071CAF6FF710844B0FA80F040090690D4
:10361000FFE70698C00740F20071C5F200010028DC
:103620001CBF40F20031C5F200012A9840F40000AE
:1036300005900846059903F0E7FD40F20000C2F24C
:10364000000000684FEA901042F66351C0F23E510C
:10365000A0FB01014FEA911101EB41014FF00C0277
:1036600002EB81012991FFE72998002804D0FFE7A8
:10367000299801382990F7E7FFE78DE02D98006839
:103680000021CCF25271884242D1FFE79DF8AB0095
:10369000C00700283CD1FFE72E98006840F20011D7
:1036A000C5F20001884232D0FFE72E98006840F250
:1036B0000051C5F20001884229D0FFE72E9800682A
:1036C0000121B0F1A04F04910CD0FFE72E980068C3
:1036D0004FF60071CAF6FF710844B0FA80F0400955
:1036E0000490FFE70498C00740F20071C5F20001A2
:1036F00000281CBF40F20031C5F200012A9840F0BA
:10370000807003900846039903F07EFDFFE742E0D6
:103710002D9800680021CCF68431884239D1FFE72A
:103720009DF8AA004006002833D4FFE72E980068D1
:1037300040F20011C5F20001884229D0FFE72E981F
:1037400000680121B0F1A04F02910CD0FFE72E9844
:1037500000684FF60071CAF6FF710844B0FA80F0B5
:1037600040090290FFE70298C00740F20071C5F2DD
:10377000000100281CBF40F20031C5F200012A9868
:1037800040F4800001900846019903F03DFDFFE7F9
:1037900000E0FFE7FFE7FFE7FFE708E02E98C16DD5
:1037A00041F02001C16501208DF8B300FFE7FFE77C
:1037B0002E98002180F85810FFE79DF8B3008DF88F
:1037C000BF00FFE79DF8BF004EB080BD80B582B05E
:1037D00001900198006840F20051C5F20001884252
:1037E00003D1FFE705F080FFFFE702B080BD0000D6
:1037F00081B0009001B0704781B0009001B0704777
:1038000080B58EB00C9000208DF82F0007900C989A
:10381000002804D1FFE701208DF83700E8E10C987B
:103820004069002808D0FFE70C9890F82400012890
:1038300001D1FFE7FFE7FFE70C98C06D00280AD130
:10384000FFE70C9800F0D8F90C98002101660C985D
:1038500080F85810FFE70C98006803F021FC00285E
:1038600005D0FFE70C98006803F0B2FBFFE70C9867
:10387000006803F02DFC00281FD1FFE70C980068BA
:1038800003F0C0FB40F20000C2F2000000688009B3
:1038900042F66351C0F23E51A0FB010189090222A8
:1038A00002EB41010791FFE70798002804D0FFE7EA
:1038B000079801380790F7E7FFE70C98006803F0D6
:1038C00007FC00280ED1FFE70C98C16D41F01001F4
:1038D000C1650C98016E41F00101016601208DF86F
:1038E0002F00FFE70C98006803F0FAFB09900C9892
:1038F000C06DC006002800F16D81FFE7099800281F
:1039000040F06881FFE70C98C06D40F0020020F4A1
:1039100080700C99C8650C98006803F0D1FB0028F2
:1039200040F08180FFE70C9800680121B0F1A04FC2
:1039300006910CD0FFE70C9800684FF60071CAF6AC
:10394000FF710844B0FA80F040090690FFE706983E
:10395000C00740F20071C5F2000100281CBF40F210
:103960000031C5F2000140F20030C5F20000814292
:1039700010D1FFE74FF0A04003F0A2FB40F200118E
:10398000C5F200010590084603F09AFB059908432B
:1039900004901BE040F20040C5F2000003F090FBF1
:1039A00040F20051C5F200010390084603F088FB85
:1039B0000399084340F20062C5F2000202901046EB
:1039C00003F07EFB029908430490FFE70498002867
:1039D00028D1FFE70C9800680121B0F1A04F0191B8
:1039E0000CD0FFE70C9800684FF60071CAF6FF7123
:1039F0000844B0FA80F040090190FFE70198C00741
:103A000040F20071C5F2000100281CBF40F20031F5
:103A1000C5F200010C98406800900846009903F038
:103A2000E5FBFFE7FFE70C98417FC26B42EA4131BB
:103A30008268C3681943114390F8240041EA0040AA
:103A40000A900C9890F8240001280BD1FFE70C98FD
:103A5000806A0021CFF6FE7101EB40400A990843CD
:103A60000A90FFE70C98C06A00280AD0FFE70C987C
:103A7000C16A006B01F4787108430A9908430A90FF
:103A8000FFE70C980068C06844F20701CFF6F071B8
:103A900008400A9908430C990968C8600C980068A6
:103AA000006920F040600C990A68496B0843106176
:103AB0000C98006803F0D6FA08900998002868D19D
:103AC000FFE70898002864D1FFE70C98017F90F881
:103AD0003800890341EA40000A900C980068C068E9
:103AE00044F2020188430A9908430C990968C860A6
:103AF0000C980069002814D0FFE70C980068016951
:103B000041F4803101610C980068D0F8C00043F6A0
:103B1000FF7188430C990A6809690843C2F8C0001C
:103B200011E00C980068016921F4803101610C9862
:103B30000068D0F8C00043F6FF7188430C9909680B
:103B4000C1F8C000FFE70C9890F84000012818D198
:103B5000FFE70C980068006940F2FD7188430C99FA
:103B60000A684B6CD1F848C0D1F84CE043EA0C032A
:103B700043EA0E03096D1943084340F00100106148
:103B800006E00C980068016921F001010161FFE77E
:103B9000FFE70C98406901280CD1FFE70C980068FA
:103BA000006B20F00F000C990A68096A013908437C
:103BB000106306E00C980068016B21F00F010163AF
:103BC000FFE70C98C06D40F0010020F002000C9956
:103BD000C86508E00C98C16D41F01001C165012075
:103BE0008DF82F00FFE79DF82F008DF83700FFE7D5
:103BF0009DF837000EB080BD80B5A2B021900020A6
:103C000020901F901E901D901C9007A85421FCF737
:103C100059FB2198006840F20051C5F2000188422A
:103C200040F08980FFE74FF4803007904FF000406C
:103C3000199007A800F03EFF002803D0FFE7FFF728
:103C400093F8FFE7FFE741F24C00C4F2020001687D
:103C500041F480410160006800F4804006900698BD
:103C6000FFE7FFE741F24C00C4F20200016841F0B7
:103C700010010160006800F0100005900598FFE752
:103C8000FFE741F24C00C4F20200016841F002017A
:103C90000160006800F0020004900498FFE74FF410
:103CA00041401C9003201D9000211E9141F2000212
:103CB000C4F600021CAB0390104602911946019312
:103CC00000F068FB4FF450401C9003981D9002993F
:103CD0001E9140F20040C4F60000019900F05AFB2A
:103CE00048F25870C2F200000821C4F202010160DB
:103CF0002621416002998160C160802202614FF4F7
:103D0000807242614FF4806282612022C26101624E
:103D100000F010FA002803D0FFE7FFF725F8FFE7CF
:103D2000FFE7219848F25871C2F2000141652198DD
:103D30008862FFE7FFE722B080BD000080B58AB04F
:103D4000089007910692089800680121B0F1A04FF1
:103D500003910CD0FFE7089800684FF60071CAF68F
:103D6000FF710844B0FA80F040090390FFE7039820
:103D7000C00740F20071C5F2000100281CBF40F2EC
:103D80000031C5F20001084603F054F90490089888
:103D9000006803F0A5F9002840F0CC80FFE7FFE7BA
:103DA000089890F85800012804D1FFE702208DF808
:103DB0002700C8E00898012180F85810FFE7FFE7C6
:103DC0000898006840F20061C5F2000188420DD0F9
:103DD000FFE70498002809D0FFE70498052805D0DC
:103DE000FFE70498092840F09A80FFE70898FCF75D
:103DF00097FD8DF817009DF81700002840F0878088
:103E0000FFE70898C06D40F4807040F60161884378
:103E10000899C8650898006840F20011C5F20001D1
:103E2000884204D1FFE74FF0A040029015E00898C7
:103E3000006840F20051C5F20001884206D1FFE758
:103E400040F20040C5F20000019003E008980068CD
:103E50000190FFE701980290FFE70298089909682E
:103E6000884204D0FFE70498002806D1FFE70898AD
:103E7000C16D21F48011C165FFE70898C06DC004D1
:103E8000002806D5FFE70898016E21F006010166BB
:103E900003E0089800210166FFE70898406D40F2B2
:103EA0003971C0F60001C1620898406D40F64101C9
:103EB000C0F6000101630898406D40F61501C0F698
:103EC00000014163089800681C210160FFE7089821
:103ED000002180F85810FFE708980068416841F019
:103EE0001001416008980068C16841F00101C1609B
:103EF00008980168406D4031079A069B00F0CAF9A6
:103F00008DF817000898006803F01CF906E0FFE739
:103F10000898002180F85810FFE7FFE709E001202A
:103F20008DF81700FFE70898002180F85810FFE788
:103F3000FFE703E002208DF81700FFE79DF8170068
:103F40008DF82700FFE79DF827000AB080BD00002C
:103F500080B584B00290FFE7029890F858000128DD
:103F600004D1FFE702208DF80F002FE00298012115
:103F700080F85810FFE7FFE702980321FCF70EFBDB
:103F80008DF807009DF80700002814D1FFE702987C
:103F9000FCF762FC8DF807009DF80700002809D1A6
:103FA000FFE70298C06D40F0010020F488500299AC
:103FB000C865FFE7FFE7FFE70298002180F8581087
:103FC000FFE79DF807008DF80F00FFE79DF80F0051
:103FD00004B080BD80B584B003900398006C006885
:103FE0000290039800680068019002980399496C58
:103FF00001F01F01C8404007002827D5FFE79DF8C2
:1040000004004007002821D5FFE7039800680068F6
:104010008006002807D4FFE703980068016821F0B4
:1040200004010160FFE70398016C406C00F01F0081
:10403000042202FA00F048600398006B002804D0C4
:10404000FFE70398016B8847FFE771E00298039947
:10405000496C01F01F01C8408007002831D5FFE7F7
:104060009DF80400800700282BD5FFE7039800681F
:104070000068800600280BD4FFE7039800680168F9
:1040800021F00A0101600398012180F82510FFE763
:104090000398016C406C00F01F00022202FA00F04D
:1040A0004860FFE70398002180F82410FFE7039899
:1040B000C06A002804D0FFE70398C16A8847FFE779
:1040C00035E002980399496C01F01F01C8400007D0
:1040D00000282AD5FFE79DF804000007002824D512
:1040E000FFE703980068016821F00E010160039862
:1040F000016C406C00F01F00012202FA00F04860E1
:104100000398C263039880F82520FFE703980021F5
:1041100080F82410FFE70398406B002804D0FFE7E5
:104120000398416B8847FFE700E0FFE7FFE7FFE701
:1041300004B080BD80B584B002900298002804D1FC
:10414000FFE701208DF80F009FE00298006840F221
:104150000741C4F20201884218D8FFE702980168BB
:104160004FF6F872CBF6FD7211444CF6CD42CCF608
:10417000CC42A1FB02126FF0030303EA92024264F5
:1041800002980022C4F20202026418E00298016858
:104190004FF6F832CBF6FD7211444CF6CD42CCF618
:1041A000CC42A1FB02126FF0030303EA92024264C5
:1041B000029840F20042C4F202020264FFE7029851
:1041C000022180F82510029800680068019001988B
:1041D00047F6F0718843019002988168C2680369CC
:1041E000D0F814C01143194341EA0C01826911430C
:1041F000C2691143006A084301990843019001987C
:104200000299096808600298FCF740FC02988068EF
:10421000B0F5804F04D1FFE7029800214160FFE72D
:1042200002984168806C01F07F0101600298C16CC6
:10423000006D486002984068002811D0FFE702989E
:10424000406804280CD8FFE70298FCF767FC029846
:10425000406D002101600298816DC06D486007E0EB
:10426000029800214165029881650298C165FFE7C7
:1042700002980021C1630298012280F8252002984B
:1042800080F824108DF80F10FFE79DF80F0004B0A0
:1042900080BD000080B586B0049003910292019326
:1042A00000208DF80300FFE7049890F8240001280F
:1042B00004D1FFE702208DF8170067E00498012180
:1042C00080F82410FFE7FFE7049890F82500012804
:1042D0004DD1FFE70498022180F8251004980021B1
:1042E000C16304980068016821F00101016004982D
:1042F0000399029A019BFCF733FC0498006B002899
:1043000007D0FFE704980068016841F00E010160E2
:104310000CE004980068016821F004010160049831
:104320000068016841F00A010160FFE70498806CB1
:104330000068C003002807D5FFE70498806C016877
:1043400041F480710160FFE70498406D002807D0B8
:10435000FFE70498406D016841F480710160FFE758
:1043600004980068016841F00101016009E0FFE77D
:104370000498002180F82410FFE702208DF8030044
:10438000FFE79DF803008DF81700FFE79DF8170081
:1043900006B080BD8BB00A90099100200890FFE71D
:1043A000099800680899C840002800F0B781FFE725
:1043B000099800680899012202FA01F10840079063
:1043C0000798002800F0A681FFE70998406800F0F0
:1043D0000300012807D0FFE70998406800F00300B8
:1043E00002282FD1FFE70A988068069008984000BD
:1043F000032101FA00F0069921EA000006900998CD
:10440000C0680899490088400699084306900698B4
:104410000A9988600A98406806900898012101FA74
:1044200000F0069921EA0000069009984068C0F360
:1044300000100899884006990843069006980A9942
:104440004860FFE70998406800F0030003280CD19A
:10445000FFE70998406800F0030003281DD1FFE73B
:1044600009988068012818D0FFE70A98C06806906C
:1044700008984000032101FA00F0069921EA0000A3
:104480000690099880680899490088400699084371
:10449000069006980A99C860FFE70998406800F0FE
:1044A0000300022826D1FFE70A9808996FF003025B
:1044B00002EA51010844006A0690089800F00700DB
:1044C00080000F2101FA00F0069921EA0000069011
:1044D00009980069089901F0070189008840069948
:1044E0000843069006980A99089B02EA5302114471
:1044F0000862FFE70A9800680690089840000321C8
:1045000001FA00F0069921EA000006900998406837
:1045100000F0030008994900884006990843069076
:1045200006980A990860099880798007002800F0A9
:10453000F080FFE7FFE741F26000C4F2020001688B
:1045400041F001010160006800F00100059005984C
:10455000FFE7089820F003000821C4F20101405849
:104560000690089800F0030080000F2101FA00F087
:10457000069921EA000006900A98B0F1904F03D105
:10458000FFE70020049042E00A9840F20041C4F6A0
:104590000001884203D1FFE70120039034E00A982C
:1045A00040F60001C4F60001884203D1FFE7022073
:1045B000029026E00A9840F60041C4F600018842C5
:1045C00003D1FFE70320019018E00A9841F20001AF
:1045D000C4F60001884203D1FFE7042000900AE0FE
:1045E0000A9841F20041C4F600010622884208BF41
:1045F00005220092FFE700980190FFE701980290E2
:10460000FFE702980390FFE703980490FFE7049800
:10461000089901F003018900884006990843069033
:104620000698089921F003010822C4F2010288507B
:1046300040F20840C4F2010000680690079806990D
:1046400021EA0000069009988079C006002805D567
:10465000FFE70798069908430690FFE7069840F29F
:104660000841C4F20101086040F20C40C4F20100AC
:10467000006806900798069921EA000006900998BC
:1046800080798006002805D5FFE70798069908433A
:104690000690FFE7069840F20C41C4F20101086061
:1046A00040F20440C4F201000068069007980699A1
:1046B00021EA00000690099880798007002805D536
:1046C000FFE70798069908430690FFE7069840F22F
:1046D0000441C4F20101086040F20040C4F201004C
:1046E000006806900798069921EA0000069009984C
:1046F0008079C007002805D0FFE70798069908438E
:104700000690FFE7069840F20041C4F201010860FC
:10471000FFE7FFE708980130089041E60BB07047CB
:1047200082B013468C460190ADF802108DF801203E
:104730009DF80100002805D0FFE7BDF802000199AF
:10474000886104E0BDF8020001998862FFE702B0C9
:104750007047000048F67810C2F200000068704709
:1047600040F26400C2F20000006848F67811C2F21C
:1047700000010A68104408607047000080B582B0EC
:1047800000208DF80700032000F0A6F80F2000F0AD
:104790000FF8002804D0FFE701208DF8070002E0A1
:1047A00000F04CF8FFE79DF8070002B080BD000064
:1047B00080B582B0019000208DF8030040F26400C3
:1047C000C2F200000068002830D0FFE740F200008D
:1047D000C2F20000006840F26401C2F20001096800
:1047E0004FF47A72B2FBF1F1B0FBF1F001F0EEF9A7
:1047F000002816D1FFE701980F280DD8FFE701998F
:104800004FF0FF30002200F049F8019840F26801B3
:10481000C2F20001086003E001208DF80300FFE709
:1048200003E001208DF80300FFE703E001208DF88D
:104830000300FFE79DF8030002B080BD80B582B0A1
:10484000FFE741F26000C4F20200016841F001019B
:104850000160006800F0010001900198FFE7FFE7A8
:1048600041F25800C4F20200016841F08051016039
:10487000006800F0805000900098FFE700F010F909
:1048800002B080BD80B582B001468DF807009DF969
:104890000700009104F0D0F902B080BD80B588B067
:1048A00003468DF81F0006910592039304F0DEF98C
:1048B00004909DF91F000499069A059B02900846F2
:1048C00011461A4602F078FF0299019008460199B4
:1048D00004F0D4F908B080BD80B582B00190019891
:1048E00004F0EEF902B080BD85B003900398002873
:1048F0005FD1FFE747F20000C4F20000006800F457
:10490000C060B0F5806F4AD1FFE747F28000C4F283
:104910000000016821F48071016047F20000C4F2D8
:1049200000000168012262F34A21016040F20000A8
:10493000C2F200000068322148434DF68361C4F2A0
:104940001B31A0FB010102EB91410291FFE747F20D
:104950001400C4F200000068002140050028019105
:1049600006D5FFE70298002818BF01200190FFE755
:104970000198C007002804D0FFE702980138029090
:10498000E5E747F21400C4F2000000684005002883
:1049900004D5FFE703208DF813007DE008E047F21F
:1049A0008000C4F20000016821F480710160FFE71B
:1049B0006EE00398B0F5007F5FD1FFE747F200009B
:1049C000C4F20000006800F4C060B0F5806F4AD106
:1049D000FFE747F28000C4F20000016841F48071F3
:1049E000016047F20000C4F200000168012262F396
:1049F0004A21016040F20000C2F20000006832214A
:104A000048434DF68361C4F21B31A0FB010102EB68
:104A100091410291FFE747F21400C4F200000068E0
:104A2000002140050028009106D5FFE702980028E4
:104A300018BF01200090FFE70098C007002804D0AD
:104A4000FFE7029801380290E5E747F21400C4F24C
:104A5000000000684005002804D5FFE703208DF81A
:104A6000130019E008E047F28000C4F2000001687A
:104A700041F480710160FFE709E047F20000C4F2F1
:104A800000000168022262F34A210160FFE7FFE7AC
:104A900000208DF81300FFE79DF8130005B0704764
:104AA00047F20800C4F20000016841F4804101604F
:104AB0007047000080B586B0059000208DF80B008F
:104AC0008DF80A00059880780007002840F1B8802A
:104AD000FFE700208DF8090041F25800C4F20200FF
:104AE0000068C000002813D4FFE7FFE741F2580038
:104AF000C4F20200016841F080510160006800F0DA
:104B0000805001900198FFE701208DF80900FFE730
:104B100047F20000C4F20000016841F480710160B6
:104B2000FFF718FE0390FFE747F20000C4F2000011
:104B30000068C00500280CD4FFE7FFF70BFE0399BF
:104B4000401A032804D3FFE703208DF80B0000E090
:104B5000EAE79DF80B0000285ED1FFE741F29000E4
:104B6000C4F20200006800F4407004900498002829
:104B700019D0FFE704980599096D884213D0FFE723
:104B800041F29000C4F20200016821F440710491E6
:104B9000016841F480310160016821F480310160D5
:104BA00004990160FFE79DF81000C00700281CD0A1
:104BB000FFE7FFF7CFFD0390FFE741F29000C4F25B
:104BC00002000068800700280ED4FFE7FFF7C2FD4F
:104BD0000399401A41F28931884204D3FFE7032048
:104BE0008DF80B0000E0E8E7FFE79DF80B000028D8
:104BF0000CD1FFE741F29000C4F20200016821F4F9
:104C00004071059A126D1143016004E09DF80B009C
:104C10008DF80A00FFE704E09DF80B008DF80A000C
:104C2000FFE79DF80900012809D1FFE741F258008C
:104C3000C4F20200016821F080510160FFE7FFE744
:104C400005980078C00700280CD0FFE741F28800E3
:104C5000C4F20200016821F00301059A5268114371
:104C60000160FFE705980078800700280CD5FFE772
:104C700041F28800C4F20200016821F00C01059A9B
:104C8000926811430160FFE705980078400700280B
:104C90000CD5FFE741F28800C4F20200016821F060
:104CA0003001059AD26811430160FFE7059800784A
:104CB000000700280CD5FFE741F28800C4F202008B
:104CC000016821F0C001059A126911430160FFE7F4
:104CD00005980078C00600280CD5FFE741F288004F
:104CE000C4F20200016821F44071059A526911432F
:104CF0000160FFE705980078800600280CD5FFE7E3
:104D000041F28800C4F20200016821F44061059A72
:104D1000926911430160FFE705980078400600287A
:104D20000CD5FFE741F28800C4F20200016821F4CB
:104D30004051059AD26911430160FFE70598007858
:104D4000000600280CD5FFE741F28800C4F20200FB
:104D5000016821F44041059A126A11430160FFE79E
:104D600005984078C00700280CD0FFE741F2880082
:104D7000C4F20200016821F44031059A526A1143DD
:104D80000160FFE705988078800700280CD5FFE7D1
:104D900041F29C00C4F20200016821F00301059A6F
:104DA000926A11430160FFE7059840788007002868
:104DB0000CD5FFE741F28800C4F20200016821F43B
:104DC0004021059AD26A11430160FFE705984078B7
:104DD000400700281BD5FFE741F28800C4F202001B
:104DE000016821F44011059A126B11430160059886
:104DF000006BB0F5801F09D1FFE741F20C00C4F24F
:104E00000200016841F480110160FFE7FFE70598A7
:104E10004078000700281BD5FFE741F28800C4F264
:104E20000200016821F44001059A526B11430160B0
:104E30000598406BB0F5800F09D1FFE741F20C00F7
:104E4000C4F20200016841F480110160FFE7FFE74E
:104E500005984078C00600281BD5FFE741F288007E
:104E6000C4F20200016821F04071059A926B11436F
:104E700001600598806BB0F1807F09D1FFE741F2B6
:104E80000C00C4F20200016841F480110160FFE7E8
:104E9000FFE705984078800600281BD5FFE741F220
:104EA0008800C4F20200016821F04061059AD26BCB
:104EB000114301600598C06BB0F1006F09D1FFE7A5
:104EC00041F20C00C4F20200016841F4801101605B
:104ED000FFE7FFE705984078400600281BD5FFE76D
:104EE00041F28800C4F20200016821F04061059A95
:104EF000126C114301600598006CB0F1006F09D18C
:104F0000FFE741F20C00C4F20200016841F4801195
:104F10000160FFE7FFE705984078000600281BD5F1
:104F2000FFE741F28800C4F20200016821F040511D
:104F3000059A526C114301600598406CB0F1805F96
:104F400009D1FFE741F20C00C4F20200016841F40C
:104F500080310160FFE7FFE705988078C0070028EF
:104F60001BD0FFE741F28800C4F20200016821F083
:104F70004041059A926C114301600598806CB0F134
:104F8000804F09D1FFE741F20C00C4F20200016832
:104F900041F480310160FFE7FFE705988078400722
:104FA00000281BD5FFE741F29C00C4F20200016813
:104FB00021F44011059AD26C114301600598C06C30
:104FC000B0F5001F09D1FFE741F20C00C4F2020066
:104FD000016841F480110160FFE7FFE79DF80A00D6
:104FE00006B080BD80B586B004900391002000908B
:104FF0000498002804D1FFE701208DF8170082E112
:10500000039842F20001C4F20201096801F00F01A5
:10501000884216D9FFE742F20000C4F2020001689C
:1050200021F00F01039A11430160006800F00F00A6
:105030000399884204D0FFE701208DF8170062E150
:10504000FFE704980078C007002800F0A480FFE77D
:105050000498406803283AD1FFE741F20000C4F207
:10506000020000688001002804D4FFE701208DF8C9
:10507000170048E102F0AAFD019001984BF20141AE
:10508000C0F2C441884221D3FFE741F20800C4F2D4
:105090000200006810F0F00F0BD0FFE704980078D2
:1050A0008007002811D5FFE70498806800280CD1FC
:1050B000FFE741F20800C4F202000168082262F32F
:1050C0000711016080200090FFE7FFE738E00498B7
:1050D000406802280ED1FFE741F20000C4F202004E
:1050E00000688003002804D4FFE701208DF8170032
:1050F00009E10DE041F20000C4F202000068400541
:10510000002804D4FFE701208DF81700FBE0FFE73B
:1051100000F0FEF8019001984BF20141C0F2C44149
:1051200088420CD3FFE741F20800C4F20200016894
:10513000082262F30711016080200090FFE7FFE77B
:1051400041F20800C4F20200016821F00301049A50
:10515000526811430160FFF7FDFA0290FFE741F248
:105160000800C4F20200006800F00C0004994968CD
:10517000B0EB810F0ED0FFE7FFF7ECFA0299401A6F
:1051800041F28931884204D3FFE703208DF81700EC
:10519000B9E0E4E7FFE704980078800700282CD501
:1051A000FFE7049800784007002809D5FFE741F29F
:1051B0000800C4F20200016841F4E0610160FFE709
:1051C00004980078000700280BD5FFE741F208009B
:1051D000C4F20200016841F4E06121F46051016011
:1051E000FFE741F20800C4F20200016821F0F0017B
:1051F000049A9268114301600DE00098802809D15B
:10520000FFE741F20800C4F20200016821F0F0015A
:105210000160FFE7FFE7039842F20001C4F20201D8
:10522000096801F00F01884228D2FFE742F200002E
:10523000C4F20200016821F00F01039A11430160DA
:10524000FFF788FA0290FFE742F20000C4F2020082
:10525000006800F00F00039988420ED0FFE7FFF7C7
:1052600079FA0299401A41F28931884204D3FFE762
:1052700003208DF8170046E0E6E7FFE70498007882
:10528000400700280CD5FFE741F20800C4F20200F5
:10529000016821F4E061049AD26811430160FFE7DC
:1052A00004980078000700280DD5FFE741F20800B8
:1052B000C4F20200016821F46051049A126941EAC3
:1052C000C2010160FFE700F023F841F20801C4F2D7
:1052D00002010968C9B209094AF68412C0F600023F
:1052E000515C01F01F01C84040F20001C2F2000110
:1052F000086040F26800C2F200000068FFF758FA48
:105300008DF81700FFE79DF8170006B080BD00007C
:1053100086B041F20800C4F20200006800F00C0000
:10532000042806D1FFE742F20040C0F2F4000190E9
:1053300069E041F20800C4F20200006800F00C00CD
:10534000082806D1FFE742F20040C0F2F4000190C5
:1053500058E041F20800C4F20200006800F00C00BE
:105360000C284BD1FFE741F20C00C4F202000168A7
:1053700001F0030104910068C0B2012101EB10109B
:10538000029004980228009015D0FFE700980328A7
:1053900012D1FFE7029842F20041C0F2F401B1FBE2
:1053A000F0F041F20C01C4F202010968C1F30621D8
:1053B0004843059011E0FFE7029842F20041C0F235
:1053C000F401B1FBF0F041F20C01C4F202010968F2
:1053D000C1F3062148430590FFE741F20C00C4F2F7
:1053E0000200006800F0C060022101EB1060039031
:1053F00005980399B0FBF1F0019002E000200190C4
:10540000FFE7FFE7FFE7019806B07047B0B588B047
:1054100006900698002804D1FFE701208DF81F00B0
:10542000D0E306980078C007002800F09D80FFE7D1
:1054300041F20800C4F20200006800F00C00049081
:1054400041F20C00C4F20200006800F00300039077
:1054500004980C2804D1FFE70398032804D0FFE741
:105460000498082813D1FFE741F20000C4F20200BB
:1054700000688003002809D5FFE7069840680028E7
:1054800004D1FFE701208DF81F009BE36BE0FFE7ED
:1054900006984068B0F5803F09D1FFE741F200006F
:1054A000C4F20200016841F48031016020E00698F6
:1054B0004068B0F5A02F0DD1FFE741F20000C4F223
:1054C0000200016841F480210160016841F48031EB
:1054D00001600CE041F20000C4F20200016821F416
:1054E00080310160016821F480210160FFE7FFE75E
:1054F000FFE70698406800281AD0FFE7FFF72AF96F
:105500000590FFE741F20000C4F20200006880034A
:1055100000280CD4FFE7FFF71DF90599401A65280C
:1055200004D3FFE703208DF81F004BE3EAE719E0FF
:10553000FFF710F90590FFE741F20000C4F2020006
:105540000068800300280CD5FFE7FFF703F90599F1
:10555000401A652804D3FFE703208DF81F0031E3CC
:10556000EAE7FFE7FFE7FFE70698007880070028F3
:1055700040F1A280FFE741F20800C4F20200006897
:1055800000F00C00049041F20C00C4F2020000682C
:1055900000F00300039004980C2804D1FFE703985F
:1055A000022804D0FFE7049804282ED1FFE741F237
:1055B0000000C4F2020000684005002809D5FFE79A
:1055C0000698C068002804D1FFE701208DF81F006D
:1055D000F8E241F20400C4F20200016821F0FE4149
:1055E000069A126941EA0261016040F26800C2F263
:1055F00000000068FFF7DCF8002804D0FFE7012076
:105600008DF81F00DEE2FFE755E00698C06800282D
:105610002ED0FFE741F20000C4F20200016841F41D
:1056200080710160FFF796F80590FFE741F20000F6
:10563000C4F202000068400500280CD4FFE7FFF721
:1056400089F80599401A032804D3FFE703208DF851
:105650001F00B7E2EAE741F20400C4F20200016869
:1056600021F0FE41069A126941EA0261016021E0DF
:1056700041F20000C4F20200016821F4807101606F
:10568000FFF768F80590FFE741F20000C4F202005E
:105690000068400500280CD5FFE7FFF75BF8059987
:1056A000401A032804D3FFE703208DF81F0089E286
:1056B000EAE7FFE7FFE7FFE7069800780007002822
:1056C0004AD5FFE706984069002822D0FFE741F25B
:1056D0009400C4F20200016841F001010160FFF78B
:1056E00039F80590FFE741F29400C4F20200006827
:1056F000800700280CD4FFE7FFF72CF80599401A23
:10570000032804D3FFE703208DF81F005AE2EAE7DD
:1057100021E041F29400C4F20200016821F001018D
:105720000160FFF717F80590FFE741F29400C4F21B
:1057300002000068800700280CD5FFE7FFF70AF891
:105740000599401A032804D3FFE703208DF81F00B2
:1057500038E2EAE7FFE7FFE706980078400700280D
:1057600040F1C780FFE700208DF80B0041F25800A0
:10577000C4F202000068C000002813D4FFE7FFE76E
:1057800041F25800C4F20200016841F0805101600A
:10579000006800F0805001900198FFE701208DF82B
:1057A0000B00FFE747F20000C4F200000068C005EC
:1057B000002822D4FFE747F20000C4F2000001688D
:1057C00041F480710160FEF7C5FF0590FFE747F2E5
:1057D0000000C4F200000068C00500280CD4FFE7F8
:1057E000FEF7B8FF0599401A032804D3FFE703200A
:1057F0008DF81F00E6E1EAE7FFE7FFE7069880681B
:10580000012809D1FFE741F29000C4F202000168CB
:1058100041F0010101601FE00698806805280DD164
:10582000FFE741F29000C4F20200016841F0040178
:105830000160016841F0010101600CE041F290005B
:10584000C4F20200016821F001010160016821F049
:1058500004010160FFE7FFE7FFE706988068002882
:105860001CD0FFE7FEF776FF0590FFE741F29000BE
:10587000C4F202000068800700280ED4FFE7FEF79C
:1058800069FF0599401A41F28931884204D3FFE744
:1058900003208DF81F0095E1E8E71BE0FEF75AFFB3
:1058A0000590FFE741F29000C4F202000068800713
:1058B00000280ED5FFE7FEF74DFF0599401A41F28B
:1058C0008931884204D3FFE703208DF81F0079E176
:1058D000E8E7FFE79DF80B00012809D1FFE741F257
:1058E0005800C4F20200016821F080510160FFE716
:1058F000FFE706980078800600284AD5FFE706985B
:105900008069002822D0FFE741F29800C4F202002B
:10591000016841F001010160FEF71CFF0590FFE7FF
:1059200041F29800C4F202000068800700280CD4FD
:10593000FFE7FEF70FFF0599401A032804D3FFE79E
:1059400003208DF81F003DE1EAE721E041F29800D5
:10595000C4F20200016821F001010160FEF7FAFEC5
:105960000590FFE741F29800C4F20200006880074A
:1059700000280CD5FFE7FEF7EDFE0599401A032835
:1059800004D3FFE703208DF81F001BE1EAE7FFE7E0
:10599000FFE70698C069002800F01081FFE741F298
:1059A0000800C4F20200006800F00C000C2800F0AF
:1059B000AC80FFE70698C069022878D1FFE741F282
:1059C0000000C4F20200016821F080710160FEF75E
:1059D000C1FE0590FFE741F20000C4F2020000683A
:1059E000800100280CD5FFE7FEF7B4FE0599401AA8
:1059F000032804D3FFE703208DF81F00E2E0EAE765
:105A000041F20C00C4F20200016848F20C02C0F23C
:105A10009F121140069A136AD2F824C0D2F828E0E7
:105A2000D46A6FF00F0505EB0C1C43EA0C0343EA44
:105A30000E23D2F830C040F2000ECFF6E07E0EEA20
:105A40000C5CACF5001C43EA0C03526B4FF07E4C2F
:105A50000CEA026202F17E421A4342EAC462114336
:105A6000016041F20001C4F202010A6842F0807252
:105A70000A60016841F080710160FEF76BFE0590DD
:105A8000FFE741F20000C4F2020000688001002834
:105A90000CD4FFE7FEF75EFE0599401A032804D3F5
:105AA000FFE703208DF81F008CE0EAE72CE041F2CD
:105AB0000000C4F20200016821F080710160FEF76D
:105AC00049FE0590FFE741F20000C4F202000068C1
:105AD000800100280CD5FFE7FEF73CFE0599401A2F
:105AE000032804D3FFE703208DF81F006AE0EAE7EC
:105AF00041F20C00C4F2020001684FF6FC72CFF6CE
:105B0000EE6211400160FFE757E00698C069012886
:105B100004D1FFE701208DF81F0053E041F20C0093
:105B2000C4F2020000680390039800F00300069995
:105B3000096A88423BD1FFE7039800F0F00006991C
:105B4000496A6FF00F0202EB011188422FD1FFE783
:105B5000039800F4FE400699896AB0EB012F26D124
:105B6000FFE7039800F078400699C96AB0EBC16F6F
:105B70001DD1FFE7039800F4C0000699096B0022CD
:105B8000CFF6E07202EA0151A1F5001188420ED170
:105B9000FFE7039800F0C0600699496B4FF07E4222
:105BA00002EA016101F17E41884204D0FFE7012051
:105BB0008DF81F0006E0FFE7FFE7FFE700208DF804
:105BC0001F00FFE79DF81F0008B0B0BD80B582B090
:105BD0000190019802F082F902B080BD81B000907E
:105BE00001B0704781B0009001B0704781B0009063
:105BF00001B0704784B00290019100200090FFE74F
:105C0000029890F83C00012804D1FFE702208DF8AB
:105C10000F008CE00298012180F83C10FFE7FFE7BD
:105C2000009820F0FF000199C9680843009000988F
:105C300020F440700199896808430090009820F48E
:105C400080600199496808430090009820F4006042
:105C50000199096808430090009820F48050019948
:105C6000096908430090009820F40050019949699F
:105C700008430090009820F480400199096B084384
:105C80000090009820F470200199896940EA014051
:105C90000090009820F080500199C9690843009055
:105CA0000298006842F60041C4F20101884212D015
:105CB000FFE70298006843F20041C4F20101884204
:105CC00009D0FFE70298006845F20001C4F2010123
:105CD00088421ED1FFE7009820F470000199896A7C
:105CE00040EA01500090009820F080700199096A04
:105CF00008430090009820F000700199496A084319
:105D00000090009820F000500199C96A0843009063
:105D1000FFE70098029909684864FFE702980021AC
:105D200080F83C10FFE700208DF80F00FFE79DF89A
:105D30000F0004B07047000081B0009001B07047C0
:105D400081B0009001B0704781B0009001B0704701
:105D500085B003900291FFE7039890F83C0001287A
:105D600004D1FFE702208DF81300A7E0039801217A
:105D700080F83C10FFE7FFE70398022180F83D1010
:105D8000039800684068019003980068806800905C
:105D90000398006842F60041C4F20101884212D023
:105DA000FFE70398006843F20041C4F20101884212
:105DB00009D0FFE70398006845F20001C4F2010131
:105DC00088420AD1FFE7019820F470000190029800
:105DD0004068019908430190FFE701984FF68F71E1
:105DE000CFF6FF51084001900298006801990843DE
:105DF000019001980399096848600398006842F689
:105E00000041C4F2010188423CD0FFE703980068DA
:105E1000B0F1804F36D0FFE70398006840F20041B0
:105E2000C4F2000188422DD0FFE70398006840F6D5
:105E30000001C4F20001884224D0FFE70398006803
:105E400040F60041C4F2000188421BD0FFE70398EE
:105E5000006843F20041C4F20101884212D0FFE71A
:105E60000398006844F20001C4F20101884209D09D
:105E7000FFE70398006845F20001C4F2010188427F
:105E80000ED1FFE7009820F0800000900298806813
:105E90000099084300900098039909688860FFE71B
:105EA0000398012180F83D10FFE70398002180F856
:105EB0003C10FFE700208DF81300FFE79DF813006A
:105EC00005B0704780B58AB0089007910798002800
:105ED00005D1FFE7089890F8440005901CE007986A
:105EE000042805D1FFE7089890F84500049010E0D9
:105EF0000798082805D1FFE7089890F84600039016
:105F000004E0089890F847000390FFE70398049096
:105F1000FFE704980590FFE70598012804D0FFE704
:105F200001208DF827009CE00798002805D1FFE7A5
:105F30000898022180F844101EE00798042806D132
:105F4000FFE70898022180F84510029112E00798B7
:105F5000082806D1FFE70898022180F84610019131
:105F600005E00898022180F847100191FFE70198A9
:105F70000290FFE70298FFE708980068079904225B
:105F800002F03CF908980068416C41F4004141641A
:105F90000898006842F60041C4F2010188423CD0F2
:105FA000FFE708980068B0F1804F36D0FFE7089807
:105FB000006840F20041C4F2000188422DD0FFE7A2
:105FC0000898006840F60001C4F20001884224D01D
:105FD000FFE70898006840F60041C4F200018842DB
:105FE0001BD0FFE70898006843F20041C4F20101AA
:105FF000884212D0FFE70898006844F20001C4F21A
:106000000101884209D0FFE70898006845F20001C5
:10601000C4F20101884219D1FFE70898006880683E
:106020000721C0F2010108400690069806280CD00E
:10603000FFE70698B0F5803F07D0FFE708980068B3
:10604000016841F001010160FFE706E0089800687F
:10605000016841F001010160FFE700208DF8270091
:10606000FFE79DF827000AB080BD000081B00090D6
:1060700001B0704780B584B002900298002804D126
:10608000FFE701208DF80F0049E0029890F83D00ED
:10609000002808D1FFE70298002180F83C10029800
:1060A00000F042F8FFE70298022180F83D100298C4
:1060B00050F8041B01900846019901F095FF0298E1
:1060C000012180F84810FFE70298012180F83E1076
:1060D000029880F83F10029880F84010029880F8EB
:1060E0004110029880F84210029880F84310FFE7B0
:1060F000FFE70298012180F84410029880F84510CB
:10610000029880F84610029880F84710FFE702983E
:10611000012180F83D1000208DF80F00FFE79DF869
:106120000F0004B080BD000080B588B007900798CC
:10613000006842F60041C4F20101884210D1FFE735
:10614000FFE741F26000C4F20200016841F400611F
:106150000160006800F4006006900698FFE747E0E1
:106160000798006841F20001C4F2000188421AD188
:10617000FFE7FFE741F25800C4F20200016841F076
:1061800010010160006800F0100005900598FFE71D
:106190003620002103900291029AFEF77FFB0398BC
:1061A000FEF770FB23E00798006841F20041C4F25B
:1061B000000188421AD1FFE7FFE741F25800C4F21C
:1061C0000200016841F020010160006800F0200039
:1061D00004900498FFE73720002101900091009A75
:1061E000FEF75CFB0198FEF74DFBFFE7FFE7FFE7DB
:1061F00008B080BD83B00190019890F83D0001285F
:1062000004D0FFE701208DF80B006CE0019802211B
:1062100080F83D100198006842F60041C4F2010187
:1062200088423CD0FFE701980068B0F1804F36D03B
:10623000FFE70198006840F20041C4F20001884283
:106240002DD0FFE70198006840F60001C4F200017C
:10625000884224D0FFE70198006840F60041C4F26C
:10626000000188421BD0FFE70198006843F200411B
:10627000C4F20101884212D0FFE70198006844F29D
:106280000001C4F20101884209D0FFE701980068CB
:1062900045F20001C4F20101884219D1FFE70198DB
:1062A000006880680721C0F2010108400090009852
:1062B00006280CD0FFE70098B0F5803F07D0FFE735
:1062C00001980068016841F001010160FFE706E004
:1062D00001980068016841F001010160FFE70020BA
:1062E0008DF80B00FFE79DF80B0003B0704700002E
:1062F00083B00190019890F83D00012804D0FFE799
:1063000001208DF80B0072E00198022180F83D1009
:1063100001980068C16841F00101C16001980068FE
:1063200042F60041C4F2010188423CD0FFE70198E7
:106330000068B0F1804F36D0FFE70198006840F266
:106340000041C4F2000188422DD0FFE701980068A7
:1063500040F60001C4F20001884224D0FFE7019812
:10636000006840F60041C4F2000188421BD0FFE7FC
:106370000198006843F20041C4F20101884212D042
:10638000FFE70198006844F20001C4F2010188426D
:1063900009D0FFE70198006845F20001C4F201014D
:1063A000884219D1FFE70198006880680721C0F290
:1063B000010108400090009806280CD0FFE70098E3
:1063C000B0F5803F07D0FFE701980068016841F011
:1063D00001010160FFE706E001980068016841F0F3
:1063E00001010160FFE700208DF80B00FFE79DF839
:1063F0000B0003B07047000080B58CB00A90099183
:1064000000208DF82300FFE70A9890F83C0001284F
:1064100004D1FFE702208DF82F00F9E00A9801214E
:1064200080F83C10FFE7FFE70A98022180F83D1052
:106430000A9800688068079007984FF68871CFF631
:10644000CE7108400790079820F47F400790079886
:106450000A9909688860099800680028069000F089
:10646000BD80FFE70698102800F0B880FFE7069887
:10647000202800F0B380FFE70698302800F0AE80B7
:10648000FFE70698402800F09980FFE7069850281B
:1064900074D0FFE70698602800F08080FFE7069838
:1064A000702841D0FFE70698B0F5805F3BD0FFE74A
:1064B0000698B0F5005F4FD0FFE70698B0F5801F53
:1064C00000F08C80FFE70698B0F1101F00F0868086
:1064D000FFE72020C0F21000069981427ED0FFE73E
:1064E0003020C0F210000699814277D0FFE74020AB
:1064F000C0F210000699814270D0FFE75020C0F230
:1065000010000699814269D0FFE76020C0F21000B8
:106510000699814262D0FFE77020C0F21000069910
:1065200081425BD061E064E00A98006809994A689A
:106530008B68C96805911946059B01F07BFE0A9896
:10654000006880680790079840F0770007900798E8
:106550000A99096888604CE00A98006809994A68B5
:106560008B68C96804911946049B01F063FE0A9880
:106570000068816841F4804181603AE00A980068CF
:1065800009994A68C96803911146039A02F088FA8A
:106590000A980068502101F067FE2AE00A98006816
:1065A00009994A68C96802911146029A02F0D6FA1E
:1065B0000A980068602101F057FE1AE00A98006806
:1065C00009994A68C96801911146019A02F068FA6E
:1065D0000A980068402101F047FE0AE00A98006826
:1065E0000999096801F040FE03E001208DF82300BD
:1065F000FFE70A98012180F83D10FFE70A98002183
:1066000080F83C10FFE79DF823008DF82F00FFE78E
:106610009DF82F000CB080BD81B0009001B0704794
:1066200080B584B0039003980068C0680290039816
:106630000068006901909DF804008007002825D5B6
:10664000FFE79DF80800800700281ED5FFE70398A4
:1066500000686FF00201016103980121017703983E
:10666000006880698007002804D0FFE70398FFF7DF
:10667000D3FF06E0039800F0DDF9039800F014FB67
:10668000FFE7039800210177FFE7FFE79DF804008B
:106690004007002825D5FFE79DF80800400700289F
:1066A0001ED5FFE7039800686FF0040101610398AD
:1066B0000221017703980068806910F4407F04D0BC
:1066C000FFE70398FFF7A8FF06E0039800F0B2F990
:1066D000039800F0E9FAFFE7039800210177FFE74C
:1066E000FFE79DF804000007002825D5FFE79DF887
:1066F0000800000700281ED5FFE7039800686FF028
:106700000801016103980421017703980068C069BA
:106710008007002804D0FFE70398FFF77DFF06E01D
:10672000039800F087F9039800F0BEFAFFE703989A
:1067300000210177FFE7FFE79DF80400C00600286D
:1067400025D5FFE79DF80800C00600281ED5FFE705
:10675000039800686FF01001016103980821017728
:1067600003980068C06910F4407F04D0FFE70398E5
:10677000FFF752FF06E0039800F05CF9039800F081
:1067800093FAFFE7039800210177FFE7FFE79DF801
:106790000400C007002810D0FFE79DF80800C007DC
:1067A000002809D0FFE7039800686FF0010101613C
:1067B000039800F0CDFBFFE7FFE7019800F08000B1
:1067C000802806D0FFE79DF805008006002810D538
:1067D000FFE79DF808000006002809D5FFE70398A9
:1067E00000686FF4025101610398FFF7FBF9FFE7BE
:1067F000FFE79DF80500C007002810D0FFE79DF8CF
:1068000008000006002809D5FFE7039800686FF428
:10681000807101610398FFF7E1F9FFE7FFE79DF859
:1068200004004006002810D5FFE79DF80800400648
:10683000002809D5FFE7039800686FF04001016167
:10684000039800F0B1FBFFE7FFE79DF80400800626
:10685000002810D5FFE79DF808008006002809D51C
:10686000FFE7039800686FF0200101610398FFF7CC
:10687000BDF9FFE7FFE79DF80600C006002810D528
:10688000FFE79DF80A00C006002809D5FFE7039836
:1068900000686FF4801101610398FFF751FAFFE778
:1068A000FFE79DF806008006002810D5FFE79DF859
:1068B0000A008006002809D5FFE7039800686FF4F6
:1068C000001101610398FFF737FAFFE7FFE79DF832
:1068D00006004006002810D5FFE79DF80A00400694
:1068E000002809D5FFE7039800686FF48001016173
:1068F0000398FFF729FAFFE7FFE79DF80600000677
:10690000002810D5FFE79DF80A000006002809D5E9
:10691000FFE7039800686FF4000101610398FFF737
:10692000A5FBFFE7FFE704B080BD000080B58EB097
:106930000D9000200C900B900A90099008900D98F3
:10694000006842F60041C4F2010188426FD1FFE7BE
:10695000FFE741F24C00C4F20200016841F004017B
:106960000160006800F0040007900798FFE7FFE768
:1069700041F24C00C4F20200016841F001010160E3
:10698000006800F0010006900698FFE7FFE741F27B
:106990004C00C4F20200016841F00201016000688D
:1069A00000F0020005900598FFE70F2008900220F4
:1069B000099000210A910B910C9040F60002C4F658
:1069C000000208AB0490104603911946029201930D
:1069D000FDF7E0FC802008900498099003990A9143
:1069E0000B9106220C924FF0904001990092FDF716
:1069F000D1FC202008900498099003990A910B91EA
:106A0000009A0C9202980199FDF7C4FC03200890AB
:106A10000498099003990A910B91009A0C9240F204
:106A20000040C4F600000199FDF7B4FCFFE70EB08A
:106A300080BD000081B0009001B0704780B586B085
:106A400004900391029200208DF80700FFE704985C
:106A500090F83C00012804D1FFE702208DF81700D0
:106A6000C0E00498012180F83C10FFE7FFE702989E
:106A70001428009000F2A7800099DFE801F00BA431
:106A8000A4A424A4A4A43EA4A4A457A4A4A471A42C
:106A9000A4A48A0004980068039901F0FDFB0498FF
:106AA0000068816941F0080181610498006881698A
:106AB00021F00401816103980069049909688A69D9
:106AC0001043886183E004980068039901F0A0FCFA
:106AD00004980068816941F400618161049800684C
:106AE000816921F4806181610398006904990968D2
:106AF0008A6942EA0020886169E004980068039985
:106B000001F052FD04980068C16941F00801C161BB
:106B100004980068C16921F00401C161039800690B
:106B200004990968CA691043C86150E00498006874
:106B3000039901F005FE04980068C16941F4006101
:106B4000C16104980068C16921F48061C161039842
:106B5000006904990968CA6942EA0020C86136E000
:106B600004980068039901F0B7FE04980068016D6D
:106B700041F00801016504980068016D21F00401ED
:106B8000016503980069049909680A6D1043086556
:106B90001DE004980068039901F010FF0498006854
:106BA000016D41F40061016504980068016D21F4F4
:106BB0008061016503980069049909680A6D42EAD9
:106BC0000020086503E001208DF80700FFE7FFE7DC
:106BD0000498002180F83C10FFE79DF807008DF82D
:106BE0001700FFE79DF8170006B080BD80B584B0A0
:106BF00002900298002804D1FFE701208DF80F00D1
:106C000049E0029890F83D00002808D1FFE702987B
:106C1000002180F83C10029800F042F8FFE702984B
:106C2000022180F83D10029850F8041B019008469C
:106C3000019901F0D9F90298012180F84810FFE785
:106C40000298012180F83E10029880F83F100298C7
:106C500080F84010029880F84110029880F84210A5
:106C6000029880F84310FFE7FFE70298012180F8BF
:106C70004410029880F84510029880F84610029857
:106C800080F84710FFE70298012180F83D100020AE
:106C90008DF80F00FFE79DF80F0004B080BD0000E5
:106CA00081B0009001B0704781B0009001B0704792
:106CB00080B590B00E900D910D98002805D1FFE79A
:106CC0000E9890F83E000B9034E00D98042805D102
:106CD000FFE70E9890F83F000A9028E00D980828EA
:106CE00005D1FFE70E9890F8400009901CE00D9840
:106CF0000C2805D1FFE70E9890F84100089010E0AD
:106D00000D98102805D1FFE70E9890F842000790E3
:106D100004E00E9890F843000790FFE7079808906A
:106D2000FFE708980990FFE709980A90FFE70A989B
:106D30000B90FFE70B98012804D0FFE701208DF8A6
:106D40003F0000E10D98002805D1FFE70E980221D1
:106D500080F83E1038E00D98042806D1FFE70E9821
:106D6000022180F83F1006912CE00D98082806D1EA
:106D7000FFE70E98022180F8401005911FE00D9862
:106D80000C2806D1FFE70E98022180F841100491EB
:106D900012E00D98102806D1FFE70E98022180F826
:106DA0004210039105E00E98022180F843100391F0
:106DB000FFE703980490FFE704980590FFE7059824
:106DC0000690FFE70698FFE70E9800680D990122EC
:106DD000029201F0F7F90E980068029942F600421B
:106DE000C4F201029042019138D0FFE70E9800688A
:106DF000012143F20042C4F20102904201912DD0E0
:106E0000FFE70E980068012144F20002C4F201027B
:106E10009042019122D0FFE70E980068012144F2D0
:106E20000042C4F201029042019117D0FFE70E9890
:106E30000068012144F60002C4F20102904201916F
:106E40000CD0FFE70E9800684BF20001CBF6FE7104
:106E50000844B0FA80F040090190FFE70198C007AC
:106E6000002807D0FFE70E980068416C41F400410C
:106E70004164FFE70E98006842F60041C4F2010148
:106E800088423CD0FFE70E980068B0F1804F36D0C2
:106E9000FFE70E98006840F20041C4F2000188420A
:106EA0002DD0FFE70E98006840F60001C4F2000103
:106EB000884224D0FFE70E98006840F60041C4F2F3
:106EC000000188421BD0FFE70E98006843F20041A2
:106ED000C4F20101884212D0FFE70E98006844F224
:106EE0000001C4F20101884209D0FFE70E98006852
:106EF00045F20001C4F20101884219D1FFE70E9862
:106F0000006880680721C0F2010108400C900C98CD
:106F100006280CD0FFE70C98B0F5803F07D0FFE7BC
:106F20000E980068016841F001010160FFE706E08A
:106F30000E980068016841F001010160FFE7002040
:106F40008DF83F00FFE79DF83F0010B080BD0000C6
:106F500081B000900098006841F20041C4F2000145
:106F600088421FD1FFE748F23060C2F2000001689A
:106F70000131016048F22C60C2F200000078002864
:106F800007D1FFE748F22C60C2F200000121017036
:106F900007E048F22460C2F200000168013101609C
:106FA000FFE7FFE701B0704781B0009001B0704784
:106FB000FFE7FEE781B00090009880684FF6C0714F
:106FC000C7F6FF71084002300099886001B0704731
:106FD00081B00090009881684FF6C072C5F6FF72CC
:106FE0001140816001B0704781B0009000988068C6
:106FF0004FF6C071C7F6FF710840013000998860F4
:1070000001B0704781B000900098806840F08050D7
:107010004FF6C071C7F6FF7108400099886001B053
:107020007047000081B000900098806800F0E07028
:1070300001B0704781B000900098806800F01F0098
:1070400001B0704783B0029001910298019900EB62
:107050008100603000900098006800F0F84003B0B4
:107060007047000081B0009000988068C0F3C000B5
:1070700001B0704781B00090009880684FF6C071F1
:10708000C7F6FF71084020300099886001B0704752
:1070900081B0009000988068C00F01B07047000078
:1070A00081B0009000988068C0F3407001B07047D4
:1070B00081B0009000988068C0F3400001B0704734
:1070C00081B000900098806800F0010001B0704726
:1070D00081B0009000988068C0F3007001B07047E4
:1070E00081B0009000988068C0F3800001B07047C4
:1070F00081B000900098C06800F44060B0FA80F061
:10710000400901B07047000084B0039002910192E1
:107110000398029901F4407100EB91103030009017
:1071200000980068029901F01F011F228A409043D5
:10713000019AC2F3846202FA01F1084300990860DF
:1071400004B0704781B00090009880684FF6C0711D
:10715000C7F6FF71084004300099886001B070479D
:1071600081B00090009880684FF6C071C7F6FF713B
:10717000084010300099886001B0704784B00390D7
:10718000029101920398029901F0007100EBD15035
:1071900014300090009800680299C1F3045107224E
:1071A0008A409043019A02FA01F10843009908606D
:1071B00004B0704783B00290019100920298D0F819
:1071C000B00001996FF3DF418843009A02F0180282
:1071D0004FF6FF73C0F2070323FA02F2114008438F
:1071E0000299C1F8B00003B07047000082B001906E
:1071F00000910198806820F47C100099084301995F
:10720000886002B07047000082B001900091019840
:10721000806820F0E070009908430199886002B00E
:107220007047000085B00490039102920193049886
:10723000039900EB810060300090009800684FF2E5
:107240000001C0F2FF310840029901F0F841019AB3
:107250001143084340F000400099086005B07047B2
:1072600084B00390029101920398029900EB81008F
:10727000603000900098006820F000700199084389
:107280000099086004B0704784B0039002910192A5
:107290000398029900EB810060300090009800682C
:1072A00020F08070019908430099086004B070478D
:1072B00084B00390029101920398029900EB81003F
:1072C000603000900098006820F000400199084369
:1072D0000099086004B0704782B001900091019855
:1072E000406920F00040009908430199486102B0CC
:1072F0007047000082B001900091019880684FF6BD
:10730000C071C3F6FF710840009901F08041084444
:1073100000F100400199886002B0704780B588B0E4
:107320000020079006900590049003900290019031
:10733000009048F2EC61C2F2000140F20052C5F246
:1073400000020A604FF440324A608860C8600861F9
:1073500001224A6104238B610877487703230B627B
:1073600081F824004FF4B463CB624FF480630B6365
:1073700081F83820C86381F840000846FCF740FADD
:10738000002803D0FFE7FBF7EFFCFFE72020C1F266
:10739000F040009006200190072002900020C4F2E7
:1073A0007F000390042004900020059048F2EC60D8
:1073B000C2F200006946FBF751FD002803D0FFE749
:1073C000FBF7D2FCFFE70820C0F6904000900C20AD
:1073D00001900420029048F2EC60C2F2000069467D
:1073E000FBF73CFD002803D0FFE7FBF7BDFCFFE700
:1073F0000220C0F2304000901220019048F2EC6070
:10740000C2F200006946FBF729FD002803D0FFE720
:10741000FBF7AAFCFFE708B080BD000080B584B090
:10742000FFE741F24800C4F20200016841F00401A4
:107430000160006800F0040003900398FFE7FFE795
:1074400041F24800C4F20200016841F0010101600C
:10745000006800F0010002900298FFE70B20002175
:1074600001900091009AFDF719FA0198FDF70AFAC8
:1074700004B080BD80B58EB000200D900C900B90B4
:107480000A900990FFE741F24C00C4F20200016843
:1074900041F020010160006800F020000890089889
:1074A000FFE7FFE741F24C00C4F20200016841F03F
:1074B00004010160006800F0040007900798FFE7EE
:1074C000FFE741F24C00C4F20200016841F0010103
:1074D0000160006800F0010006900698FFE7FFE7F2
:1074E00041F24C00C4F20200016841F00201016067
:1074F000006800F0020005900598FFE7FFE741F201
:107500004C00C4F20200016841F010010160006803
:1075100000F0100004900498FFE740F60000C4F665
:1075200000004FF480510022039002910192FDF778
:10753000F7F80298099001210A9101990B910C9199
:1075400009A90398FCF726FF0EB080BD80B59EB058
:1075500000201D901C901B901A9019901890179065
:10756000169015901490139012901190109003A9FA
:107570003422029008461146F8F7A4FE48F2B8708B
:10758000C2F2000042F60041C4F20101016002991A
:1075900041602022826040F64D02C260016141617B
:1075A00080228261FEF766FD002803D0FFE7FBF72B
:1075B000DBFBFFE74FF480501A9048F2B870C2F23C
:1075C00000001AA9FEF718FF002803D0FFE7FBF719
:1075D000CBFBFFE748F2B870C2F20000FFF706FBF2
:1075E000002803D0FFE7FBF7BFFBFFE70020179061
:1075F0001890199048F2B870C2F2000017A9FEF76F
:10760000A7FB002803D0FFE7FBF7AEFBFFE76020F6
:1076100010900020119012901390149015901690D5
:1076200048F2B871C2F2000110AA01900846114652
:10763000019AFFF703FA002803D0FFE7FBF794FB5A
:10764000FFE748F2B870C2F2000010A90422FFF769
:10765000F5F9002803D0FFE7FBF786FBFFE748F2C8
:10766000B870C2F2000010A90822FFF7E7F900285D
:1076700003D0FFE7FBF778FBFFE748F2B870C2F2F0
:10768000000010A90C22FFF7D9F9002803D0FFE76A
:10769000FBF76AFBFFE700200390049005906A2146
:1076A000069107904FF40051089109900A900B90B1
:1076B0004FF000710C910D900E900F9048F2B87041
:1076C000C2F2000003A9FEF795FA002803D0FFE7F5
:1076D000FBF74AFBFFE748F2B870C2F20000FFF781
:1076E00025F91EB080BD000080B584B00020039055
:1076F0000290019048F60401C2F2000141F200023A
:10770000C4F200020A60A9224A6088603122CA607D
:1077100088610846FEF7AEFC002803D0FFE7FBF7C0
:1077200023FBFFE7202001900020039048F604008F
:10773000C2F2000001A9FEF70BFB002803D0FFE70F
:10774000FBF712FBFFE704B080BD000080B584B0FA
:10775000002003900290019048F65001C2F200010F
:1077600041F20042C4F200020A60A9224A60886025
:1077700040F2CF72CA6088610846FEF77BFC0028A1
:1077800003D0FFE7FBF7F0FAFFE70020019003903A
:1077900048F65000C2F2000001A9FEF7D9FA00280D
:1077A00003D0FFE7FBF7E0FAFFE704B080BD00007D
:1077B000FFE7FEE7FFE7FEE788B007900691059236
:1077C000079800F0070004900498C0F1070005280E
:1077D00003D3FFE70420019004E00498C0F1070000
:1077E0000190FFE70198039004980430062803D81D
:1077F000FFE70020009003E0049803380090FFE7C3
:107800000098029006980399012202FA01F10139C9
:10781000084002998840059B02FA01F1013919409C
:10782000084308B07047000080B59EB01D908DEDF4
:107830001C0ACDED1B0A8DED1A1A19911D9800280E
:1078400005D0FFE71D980068002801D1FFE76AE135
:107850001D9890ED010AB7EE001AB4EE410AF1EE60
:1078600010FA01DCFFE75EE11D98406818909DED7D
:10787000180AB6EE001A20EE010A8DED170A9DEDEA
:107880001C0A9DED1B2A30EE020A9DED1A2A30EEED
:10789000020AB0EE082A80EE020A8DED160A9DED6E
:1078A0001C0A9DED162A30EE420A8DED150A9DED5B
:1078B0001B0A9DED162A30EE420A8DED140A9DED4D
:1078C0001A0A9DED162A30EE420A8DED130A9DED3F
:1078D000150ADDED140A9DED132A12A811A98DEDEC
:1078E000011AB0EE421A02F0A3F89DED120A9DEDC6
:1078F000111A30EE010A9DED011A20EE010A8DEDFC
:10790000100A9DED150A9DED102A30EE420A8DED0C
:107910000F0A9DED140A9DED102A30EE420A8DEDFE
:107920000E0A9DED130A9DED102A30EE420A8DEDF0
:107930000D0A9DED0F0AB0EEC00A8DED0C0A9DED0B
:107940000E0AB0EEC00A8DED0B0A9DED0D0AB0EEE9
:10795000C00A8DED0A0A0C9809909DED0B0A9DED69
:10796000092AB4EE420AF1EE10FA03DDFFE70B98A4
:107970000990FFE79DED0A0A9DED091AB4EE410A50
:10798000F1EE10FA03DDFFE70A980990FFE74FF0E8
:107990007E5008909DED090A9DED171AB4EE410A3C
:1079A000F1EE10FA2BDDFFE79DED090A9FED5F1A5E
:1079B000B4EE410AF1EE10FA21DDFFE79DED170A62
:1079C0009DED091A80EE010A8DED080A9DED080A69
:1079D0009DED0F1A21EE000A8DED0F0A9DED080AAC
:1079E0009DED0E1A21EE000A8DED0E0A9DED080A9E
:1079F0009DED0D1A21EE000A8DED0D0AFFE79DEDBC
:107A00000F0A9DED181A80EE010AB6EE001A30EE4C
:107A1000010A8DED070A9DED0E0A9DED182A80EEF4
:107A2000020A30EE010A8DED060A9DED0D0A9DED6C
:107A3000182A80EE020A30EE010A8DED050A9DED4E
:107A4000070A1D98D0ED050A90ED061A01F0D2FB49
:107A50008DED070A9DED060A1D98D0ED050A90ED03
:107A6000061A01F0C7FB8DED060A9DED050A1D986B
:107A7000D0ED050A90ED061A01F0BCFB8DED050A6C
:107A80009DED070A1D98006A01F052FC04909DEDDF
:107A9000060A1D98006A01F04BFC03909DED050A53
:107AA0001D98006A01F044FC029004981D99096831
:107AB0000968486303981D990968096888630298F2
:107AC0001D9909680968C863199800282BD0FFE739
:107AD0001998002101601C98199948601B98199900
:107AE00088601A981999C8601098199908610F98B8
:107AF000199948610E98199988610D981999C8616A
:107B00000798199908620698199948620598199971
:107B1000886204981999C8620398199908630298B1
:107B200019994863FFE71EB080BD00BFBD37863599
:107B3000B0B584B00390029101920398002808D058
:107B4000FFE70298002804D0FFE70198002801D140
:107B5000FFE720E0029803990860039801990A68FA
:107B60004B68D1F808C0D1F80CE00C694D6985610B
:107B70004461C0F810E0C0F80CC0836042608969BD
:107B8000C161039800214162039800F007F803984F
:107B900002F016F8FFE704B0B0BD000081B000901D
:107BA0000098002805D0FFE700980068002801D160
:107BB000FFE706E0009800680068C06A0099086264
:107BC000FFE701B0704700007047000086B041F247
:107BD0000C00C4F20200016801F003010491006886
:107BE000C0B2012101EB101002900498022800900D
:107BF00015D0FFE70098032812D1FFE7029842F260
:107C00000041C0F2F401B1FBF0F041F20C01C4F20A
:107C100002010968C1F306214843059011E0FFE71E
:107C2000029842F20041C0F2F401B1FBF0F041F2DF
:107C30000C01C4F202010968C1F306214843059012
:107C4000FFE741F20C00C4F20200006800F0C060DF
:107C5000022101EB1060039005980399B0FBF1F04D
:107C60000190019806B0704785B004900391049884
:107C7000002804D0FFE70398002801D1FFE799E02E
:107C80000498002101600498416004988160049880
:107C9000C16004980161049841610498816304986B
:107CA000C16304980164039890ED000A90ED011AF5
:107CB00090ED022A32EE022A22EE011A21EE000A8B
:107CC0008DED020A039890ED000A90ED011A21EE65
:107CD000000A20EE000A8DED010A9DED020AB1EEC8
:107CE000001A30EE010A9DED012A30EE020A8DEDF8
:107CF000000A9DED020A9DED002A80EE020A04981A
:107D000080ED060A0498C1619DED020AB1EE400AB9
:107D10009DED002A80EE020A049880ED080A03987F
:107D200090ED020A9DED012A20EE020A9DED002A47
:107D300080EE020A049880ED090A039890ED020A89
:107D400030EE000A9DED012A20EE020A9DED002A88
:107D500080EE020A049880ED0A0A039890ED020A68
:107D60009DED012A20EE020A9DED002A80EE020A16
:107D7000049880ED0B0A9DED010A30EE000ABAEE80
:107D8000002A30EE020A9DED002A80EE020A0498D5
:107D900080ED0C0A9DED020A31EE400A9DED011ABC
:107DA00030EE010A9DED001A80EE010A049880ED84
:107DB0000D0AFFE705B0704786B005908DED040A07
:107DC00003910598002804D0FFE70398002801D10B
:107DD000FFE77EE0059890ED060A9DED041A20EE7F
:107DE000010A90ED071A90ED002A90ED013A90ED0E
:107DF000024A90ED035A21EE021A30EE010A90ED8C
:107E0000081A21EE031A30EE010A90ED0C1A21EE49
:107E1000041A30EE410A90ED0D1A21EE051A30EEEB
:107E2000410A8DED020A059890ED090A9DED041AAC
:107E300020EE010A90ED0A1A90ED002A90ED013A29
:107E400090ED044A90ED055A21EE021A30EE010A37
:107E500090ED0B1A21EE031A30EE010A90ED0C1A88
:107E600021EE041A30EE410A90ED0D1A21EE051AAA
:107E700030EE410A8DED010A9DED040A9DED021AD6
:107E800030EE410A8DED000A0598016841600498C2
:107E90000599086005988168C16002980599886015
:107EA0000598016941610198059908610298059951
:107EB000886301980599C863009805990864029839
:107EC00003990860019803994860009803998860B5
:107ED000FFE706B0704700007047000080B582B031
:107EE000009000980138B0F1807F03D3FFE70120B4
:107EF000019019E0009801384EF21401CEF2000111
:107F000008604FF0FF300F2100F0B8FE4EF218006D
:107F1000CEF20000002101604EF21000CEF200000F
:107F2000072202600191FFE7019802B080BD0000C6
:107F300080B5FCF715FC80BD80B596B008A8382147
:107F40000290F8F7BFF90020079006900590049082
:107F50000390FCF7C9FC022108914FF480720B9248
:107F600040220C920F9110910422119255221292EC
:107F7000139114911591029901900846FDF746FA64
:107F8000002803D0FFE7FAF7EFFEFFE70F2003908A
:107F900003200490002005900690079003A8042178
:107FA000FDF720F8002803D0FFE7FAF7DDFEFFE732
:107FB00016B080BD4EF68850CEF20000016841F444
:107FC000700101607047000080B548F60400C2F2FD
:107FD0000000FEF725FB80BD80B548F65000C2F2D8
:107FE0000000FEF71DFB80BD83B002900191029856
:107FF00000680090029842F60041C4F201018842F4
:108000002DD0FFE70298B0F1804F28D0FFE702980B
:1080100040F20041C4F20001884220D0FFE70298FC
:1080200040F60001C4F20001884218D0FFE7029830
:1080300040F60041C4F20001884210D0FFE70298E8
:1080400043F20041C4F20101884208D0FFE70298E0
:1080500045F20001C4F2010188420AD1FFE700980D
:1080600020F070000090019840680099084300904B
:10807000FFE7029842F60041C4F20101884245D070
:10808000FFE70298B0F1804F40D0FFE7029840F23E
:108090000041C4F20001884238D0FFE7029840F660
:1080A0000001C4F20001884230D0FFE7029840F698
:1080B0000041C4F20001884228D0FFE7029843F251
:1080C0000041C4F20101884220D0FFE7029844F247
:1080D0000001C4F20101884218D0FFE7029844F27F
:1080E0000041C4F20101884210D0FFE7029844F633
:1080F0000001C4F20101884208D0FFE7029845F26E
:108100000001C4F2010188420AD1FFE7009820F47F
:10811000407000900198C068009908430090FFE704
:10812000009820F080000199496908430090019867
:1081300080680299C8620198006802998862029872
:1081400042F60041C4F20101884228D0FFE70298BC
:1081500043F20041C4F20101884220D0FFE70298B7
:1081600044F20001C4F20101884218D0FFE70298EE
:1081700044F20041C4F20101884210D0FFE70298A6
:1081800044F60001C4F20101884208D0FFE70298DA
:1081900045F20001C4F20101884205D1FFE70198D0
:1081A000006902990863FFE70298016841F0040141
:1081B000016002980121416100980299086003B0B2
:1081C0007047000084B0039002910192029800F081
:1081D0001F00012101FA00F00090009803990A6A3B
:1081E00022EA000008620198029901F01F0188400C
:1081F00003990A6A1043086204B0704784B0039080
:1082000002910192029800F00F00042101FA00F09F
:108210000090009803990A6A22EA00000862019817
:10822000029901F00F01884003990A6A104308621D
:1082300004B0704785B004900391029201930498B2
:1082400080680090009820F47F4000900398029985
:10825000019A41EA022108430099084300900098DE
:108260000499886005B0704783B00290019102982C
:108270008068009000984FF68F71CFF6CF7108405C
:10828000009001980099084340F007000090009882
:108290000299886003B0704785B0049003910498F8
:1082A000006A01900498016A21F0010101620498BA
:1082B0004068009004988069029002984FF68F7190
:1082C000CFF6FE7108400290029820F00300029061
:1082D00003980068029908430290019820F0020078
:1082E000019003988068019908430190049842F630
:1082F0000041C4F20101884228D0FFE7049843F20C
:108300000041C4F20101884220D0FFE7049844F202
:108310000001C4F20101884218D0FFE7049844F23A
:108320000041C4F20101884210D0FFE7049844F6EE
:108330000001C4F20101884208D0FFE7049845F229
:108340000001C4F2010188420FD1FFE70498016ADD
:1083500021F004010162019820F0080001900398C7
:10836000C068019908430190FFE7049842F6004174
:10837000C4F20101884228D0FFE7049843F200418B
:10838000C4F20101884220D0FFE7049844F20001C2
:10839000C4F20101884218D0FFE7049844F200417A
:1083A000C4F20101884210D0FFE7049844F60001AE
:1083B000C4F20101884208D0FFE7049845F20001A9
:1083C000C4F20101884213D1FFE7009820F48070C5
:1083D0000090009820F40070009003984069009984
:1083E0000843009003988069009908430090FFE7D4
:1083F000009804994860029804998861039840683D
:108400000499486301980499086205B07047000018
:1084100085B0049003910498006A01900498016A61
:1084200021F010010162049840680090049880696E
:108430000290029848F6FF71CFF6FF610840029063
:10844000029820F44070029003980068029941EA73
:1084500000200290019820F020000190039880688D
:10846000019941EA00100190049842F60041C4F2DB
:108470000101884234D0FFE7049843F20041C4F27E
:10848000010188422CD0FFE7049844F20001C4F2B5
:108490000101884204D1FFE70020002820D1FFE736
:1084A000049844F20041C4F20101884204D1FFE77C
:1084B0000020002814D1FFE7049844F60001C4F21C
:1084C0000101884204D1FFE70020002808D1FFE71E
:1084D000049845F20001C4F20101884210D1FFE77F
:1084E0000498016A21F040010162019820F08000A7
:1084F00001900398C068019941EA00100190FFE7DC
:10850000049842F60041C4F20101884228D0FFE7F6
:10851000049843F20041C4F20101884220D0FFE7F1
:10852000049844F20001C4F20101884218D0FFE728
:10853000049844F20041C4F20101884210D0FFE7E0
:10854000049844F60001C4F20101884208D0FFE714
:10855000049845F20001C4F20101884215D1FFE7F9
:10856000009820F480600090009820F40060009053
:1085700003984069009941EA80000090039880695F
:10858000009941EA80000090FFE700980499486054
:108590000298049988610398406804998863019857
:1085A0000499086205B0704785B00490039104985F
:1085B000006A01900498016A21F4807101620498B4
:1085C000406800900498C069029002984FF68F713D
:1085D000CFF6FE7108400290029820F0030002904E
:1085E00003980068029908430290019820F40070F3
:1085F000019003988068019941EA00200190049855
:1086000042F60041C4F20101884234D0FFE70498E9
:1086100043F20041C4F2010188422CD0FFE70498E4
:1086200044F20001C4F20101884204D1FFE70020B6
:10863000002820D1FFE7049844F20041C4F2010170
:10864000884204D1FFE70020002814D1FFE70498F6
:1086500044F60001C4F20101884204D1FFE7002082
:10866000002808D1FFE7049845F20001C4F2010197
:10867000884210D1FFE70498016A21F48061016209
:10868000019820F4006001900398C068019941EAC4
:1086900000200190FFE7049842F60041C4F2010176
:1086A000884228D0FFE7049843F20041C4F2010158
:1086B000884220D0FFE7049844F20001C4F201018F
:1086C000884218D0FFE7049844F20041C4F2010147
:1086D000884210D0FFE7049844F60001C4F201017B
:1086E000884208D0FFE7049845F20001C4F2010176
:1086F000884215D1FFE7009820F480500090009840
:1087000020F40050009003984069009941EA00105D
:10871000009003988069009941EA00100090FFE7FB
:1087200000980499486002980499C86103984068C9
:108730000499C86301980499086205B07047000065
:1087400085B0049003910498006A01900498016A2E
:1087500021F4805101620498406800900498C06937
:108760000290029848F6FF71CFF6FF610840029030
:10877000029820F44070029003980068029941EA40
:1087800000200290019820F4005001900398806826
:10879000019941EA00300190049842F60041C4F288
:1087A0000101884234D0FFE7049843F20041C4F24B
:1087B000010188422CD0FFE7049844F20001C4F282
:1087C0000101884204D1FFE70020002820D1FFE703
:1087D000049844F20041C4F20101884204D1FFE749
:1087E0000020002814D1FFE7049844F60001C4F2E9
:1087F0000101884204D1FFE70020002808D1FFE7EB
:10880000049845F20001C4F20101884210D1FFE74B
:108810000498016A21F480410162019820F400402B
:1088200001900398C068019941EA00300190FFE788
:10883000049842F60041C4F20101884228D0FFE7C3
:10884000049843F20041C4F20101884220D0FFE7BE
:10885000049844F20001C4F20101884218D0FFE7F5
:10886000049844F20041C4F20101884210D0FFE7AD
:10887000049844F60001C4F20101884208D0FFE7E1
:10888000049845F20001C4F20101884215D1FFE7C6
:10889000009820F480400090009820F40040009060
:1088A00003984069009941EA80100090039880691C
:1088B000009941EA80100090FFE700980499486011
:1088C00002980499C8610398406804990864019863
:1088D0000499086205B0704785B00490039104982C
:1088E000006A01900498016A21F4803101620498C1
:1088F000406800900498006D029002984FF68F71C6
:10890000CFF6FE7108400290039800680299084370
:108910000290019820F4003001900398806801993A
:1089200041EA00400190049842F60041C4F201017E
:10893000884228D0FFE7049843F20041C4F20101C5
:10894000884220D0FFE7049844F20001C4F20101FC
:10895000884218D0FFE7049844F20041C4F20101B4
:10896000884210D0FFE7049844F60001C4F20101E8
:10897000884208D0FFE7049845F20001C4F20101E3
:1089800088420BD1FFE7009820F4803000900398D4
:108990004069009941EA00200090FFE7009804999F
:1089A00048600298049908650398406804998864AF
:1089B00001980499086205B07047000085B00490E2
:1089C00003910498006A01900498016A21F48011CF
:1089D00001620498406800900498006D029002982B
:1089E00048F6FF71CFF6FF610840029003980068D7
:1089F000029941EA00200290019820F400100190B1
:108A000003988068019941EA00500190049842F669
:108A10000041C4F20101884228D0FFE7049843F2E4
:108A20000041C4F20101884220D0FFE7049844F2DB
:108A30000001C4F20101884218D0FFE7049844F213
:108A40000041C4F20101884210D0FFE7049844F6C7
:108A50000001C4F20101884208D0FFE7049845F202
:108A60000001C4F2010188420BD1FFE7009820F415
:108A70008020009003984069009941EA802000908E
:108A8000FFE70098049948600298049908650398E4
:108A900040680499C86401980499086205B0704759
:108AA00085B00490039102920498006A00900498A3
:108AB000016A21F001010162049842F60041C4F20A
:108AC0000101884228D0FFE7049843F20041C4F234
:108AD0000101884220D0FFE7049844F20001C4F26B
:108AE0000101884218D0FFE7049844F20041C4F223
:108AF0000101884210D0FFE7049844F60001C4F257
:108B00000101884208D0FFE7049845F20001C4F251
:108B10000101884206D1FFE70498016A21F00401AF
:108B20000162FFE7049880690190019820F0F0004D
:108B300001900298019941EA00100190009820F0FC
:108B40000A00009003980099084300900198049946
:108B5000886100980499086205B0704785B0049058
:108B6000039102920498006A00900498016A21F02F
:108B700010010162049842F60041C4F201018842EA
:108B800034D0FFE7049843F20041C4F20101884267
:108B90002CD0FFE7049844F20001C4F2010188429E
:108BA00004D1FFE70020002820D1FFE7049844F219
:108BB0000041C4F20101884204D1FFE700200028EF
:108BC00014D1FFE7049844F60001C4F20101884281
:108BD00004D1FFE70020002808D1FFE7049845F200
:108BE0000001C4F20101884206D1FFE70498016A3E
:108BF00021F040010162FFE704988069019001982B
:108C000020F4704001900298019941EA00300190EF
:108C1000009820F0A00000900398009941EA00100D
:108C2000009001980499886100980499086205B041
:108C300070470000FFE7FEE781B001468DF80300B2
:108C40009DF9030000280FD4FFE79DF9030000F011
:108C50001F01012202FA01F140094EF20012CEF288
:108C6000000242F82010FFE701B070474EF60C50AA
:108C7000CEF200000068C0F30220704782B00246C6
:108C80008DF8070000919DF9070000280AD4FFE73E
:108C9000009800019DF907104EF20042CEF200024A
:108CA00088540BE0009800019DF8071001F00F01B7
:108CB0004EF61452CEF200028854FFE702B070471D
:108CC00083B00290029800F0070000904EF60C501E
:108CD000CEF200000168019101994FF6FF021140A8
:108CE00001910199009A41EA02210022C0F2FA5250
:108CF000114301910199016003B0704784B0039062
:108D00009DED030AB8EE400A9FED101A80EE010AAD
:108D100030EE000A9FED0E1A20EE010A30EE410AF5
:108D20008DED020A9DED020A9FED0A1A80EE010AFE
:108D30008DED010A9DED010A9FED071A20EE010A53
:108D40008DED000A9DED000A04B0704700F07F45EC
:108D500033335340CDCCCC3E3333C94280B584B09D
:108D600001A8694600F0F6FF40F24000C2F20000A0
:108D70000078002811D1FFE748F2BC60C2F2000081
:108D80000021016048F2C060C2F20000016048F2B8
:108D9000C460C2F20000016044E040F24400C2F24C
:108DA000000090ED000A9DED001A20EE010A9DEDF5
:108DB000011A20EE010A40F20401C2F2000191ED15
:108DC000001A20EE010A48F2BC62C2F2000282EDF3
:108DD000000A90ED000A9DED001A20EE010A9DEDBB
:108DE000021A20EE010A91ED001A20EE010A48F263
:108DF000C062C2F2000282ED000A90ED000A9DED11
:108E0000001A20EE010A9DED031A20EE010A91EDF1
:108E1000001A20EE010A48F2C460C2F2000080EDA0
:108E2000000AFFE748F2BC60C2F2000090ED000AC1
:108E300048F2C060C2F20000D0ED000A48F2C460FF
:108E4000C2F2000090ED001A48F23C60C2F200004D
:108E500048F28461C2F20001FEF7E6FC04B080BD76
:108E600045F6B060C2F2000090ED000AB1EE400A93
:108E700045F6DC60C2F2000080ED000A45F6B46001
:108E8000C2F2000090ED000AB1EE400A45F6E06043
:108E9000C2F2000080ED000A45F6B860C2F20000A0
:108EA00090ED000AB1EE400A45F6E460C2F200001F
:108EB00080ED000A7047000048F2C860C2F200006E
:108EC00090ED000A45F6EC60C2F2000090ED001A49
:108ED00030EE410A45F6BC60C2F2000080ED000AA7
:108EE00048F2CC60C2F2000090ED000A45F6F06056
:108EF000C2F2000090ED001A30EE410A45F6C06063
:108F0000C2F2000080ED000A48F2D060C2F2000018
:108F100090ED000A45F6F460C2F2000090ED001AF0
:108F200030EE410A45F6C460C2F2000080ED000A4E
:108F30007047000080B586B0EFF3108072B60590E0
:108F400045F6B060C2F20000006845F62471C2F236
:108F50000001086045F6B460C2F20000006845F602
:108F60002871C2F20001086045F6B860C2F2000044
:108F7000006845F62C71C2F20001086062B600F08C
:108F80006FFC45F61870C2F2000090ED000A45F63D
:108F90001C70C2F20000D0ED000A45F62070C2F24B
:108FA000000090ED001A45F63070C2F2000003A9EF
:108FB00002AA01AB0090F9F74FFD039845F6007146
:108FC000C2F200010860029845F60472C2F2000283
:108FD0001060019845F60873C2F20003186091ED25
:108FE000000AB1EE400A45F60C70C2F2000080EDB6
:108FF000000A92ED000AB1EE400A45F61070C2F286
:10900000000080ED000A93ED000AB1EE400A45F63B
:109010001470C2F2000080ED000A0098F9F78CFB92
:109020000490049800281FD0FFE70498806A48F253
:109030001C61C2F2000108600498C06A48F2E45161
:10904000C2F200010860049890F84B0048F2E05129
:10905000C2F200010870049890F84A0048F22D61AD
:10906000C2F200010870FFE706B080BD80B586B08F
:1090700045F6FC60C2F2000090ED000A9FED2A1A4E
:1090800030EE010A8DED050A40F20800C2F2000040
:1090900090ED000A9DED051A8DED040AB0EE410A2F
:1090A000039001F0AFFA9DED041A21EE000A48F298
:1090B000C860C2F2000080ED000A039890ED000A3B
:1090C0009DED051A9FED192A31EE021A8DED020A67
:1090D000B0EE410A8DED012A01F094FA9DED021ADD
:1090E00021EE000A48F2CC60C2F2000080ED000AD6
:1090F000039890ED000A9DED051A9DED012A31EED1
:10910000421A8DED000AB0EE410A01F07BFA9DEDA6
:10911000001A21EE000A48F2D060C2F2000080ED91
:10912000000A06B080BD00BFDA0FC9BF910A064031
:1091300048F2D460C2F20000006848F2C861C2F28E
:109140000001086048F2DC60C2F20000006848F2EA
:10915000CC61C2F20001086048F2E460C2F2000093
:10916000006848F2D061C2F2000108607047000058
:1091700084B002900191009202980199884203D232
:10918000FFE7019803900AE002980099884203D90A
:10919000FFE70098039002E002980390FFE703982E
:1091A00004B0704784B08DED020ACDED010A8DED5B
:1091B000001A9DED020A9DED011AB4EE410AF1EE8E
:1091C00010FA03DAFFE7019803900FE09DED020A21
:1091D0009DED001AB4EE410AF1EE10FA03DDFFE74F
:1091E0000098039002E002980390FFE79DED030AC8
:1091F00004B0704784B08DED020ACDED010A8DED0B
:10920000001A9DED020A9DED011AB4EE410AF1EE3D
:1092100010FA03DAFFE7019803900FE09DED020AD0
:109220009DED001AB4EE410AF1EE10FA03DDFFE7FE
:109230000098039002E002980390FFE79DED030A77
:1092400004B0704783B0019040F20000C2F2000009
:1092500090ED000AB8EE400A9FED0F1A80EE010A69
:109260008DED000A9DED000AB5EE400AF1EE10FA10
:1092700003DCFFE7002002900AE09DED010AB8EE52
:10928000400A9DED001A80EE010A8DED020AFFE70B
:109290009DED020A03B070470024744980B584B084
:1092A0008DED020A9DED020AB5EE400AF1EE10FACC
:1092B00003DCFFE7002003901FE09DED020A9FED15
:1092C000101A20EE010A8DED010A9DED010A9FEDB5
:1092D0000D1A80EE010AB6EE001A30EE010ABCEE5D
:1092E000C00A8DED000A0098002140F2CF72FFF70E
:1092F0003FFF009000980390FFE7039804B080BD03
:1093000000007A440000484281B000909DED000AC0
:10931000B8EE400A9FED041A20EE010A9FED031AF1
:1093200080EE010A01B070470000484200007A4414
:1093300084B08DED030A02909DED030A029801307E
:1093400001EE100AB8EE411A20EE010A8DED010A75
:109350009DED010AB5EE400AF1EE10FA03DAFFE7DF
:1093600000200190FFE79DED010A0298013001EE17
:10937000100AB8EE411AB4EE410AF1EE10FA09DD16
:10938000FFE70298013000EE100AB8EE400A8DEDBA
:10939000010AFFE79DED010AB6EE001A30EE010A60
:1093A000BCEEC00A8DED000A00980299884203D9EC
:1093B000FFE702980090FFE7009804B070470000B4
:1093C00010B596B048F2EC60C2F200001590FAF7C2
:1093D000BFFD0021C4F27F01159A14901046F9F7E1
:1093E000CBFC002803D0FFE7F9F7BEFCFFE748F607
:1093F000A000C2F200004BF21771C3F651010160E8
:109400004CF6CD42C3F64C72826041F26242C4F225
:109410009D32426048F6AC03C2F200031390184636
:10942000139B129119461192FEF71EFC48F6F000AC
:10943000C2F200001399FEF717FC48F63410C2F28E
:1094400000001399FEF710FC45F6FC60C2F2000024
:109450000021016048F69C00C2F20000016040F269
:109460005C00C2F20000119A0260006840F25803EA
:10947000C2F20003186040F26000C2F20000129BCA
:10948000036040F24800C2F200004FF0010CC0F847
:1094900000C040F22800C2F200004FF0020EC0F8F7
:1094A00000E040F22400C2F200004FF0FF3EC0F89E
:1094B00000E040F24000C2F2000080F800C040F23C
:1094C0004400C2F200004FF07E5CC0F800C040F2E1
:1094D0000400C2F2000044F2AE7EC4F2191EC0F8CD
:1094E00000E040F20C00C2F20000C0F800C040F200
:1094F0002000C2F2000040F2000ECBF6807EC0F8E1
:1095000000E040F21400C2F2000049F69A14C3F6DB
:109510009964046040F21800C2F20000C0F800E054
:109520001091CDF83CC0CDF838E000F0A7FC48F22F
:109530001860C2F200001099017040F23800C2F2C7
:1095400000000F9A026040F23C00C2F200000E9B45
:10955000036000F0DBFA48F2EC60C2F2000040F277
:10956000D001C2F200010322FAF7E8FB002803D081
:10957000FFE7F9F7F9FBFFE748F26860C2F2000085
:109580000021C4F2C83101600021C4F248214160C9
:1095900044F20001C4F29C6181604FF07E51C160D1
:1095A0004DF20A71C3F6A34101614EF24811C3F6B0
:1095B0007A7141610121017648F23C61C2F20001F9
:1095C00048F2B872C2F200020D9008460C911146A2
:1095D0000D9B0B921A46FEF7ABFA48F28461C2F279
:1095E00000019FED250A0C988DED0A0ADDED0A0AAF
:1095F0009DED0A1AFEF718F900200B99099008460C
:109600000999FDF755FB04210B9A08901046079124
:10961000FDF74EFB08210B9A069010460591FDF7C9
:1096200047FB0B99049008460999FCF74BFC0B99F2
:10963000039008460799FCF745FC0B9902900846F1
:109640000599FCF73FFC48F60401C2F200010190C5
:109650000846FCF7CFFD48F65001C2F20001009029
:109660000846FCF745FE002803D0FFE7F9F77CFB2E
:10967000FFE716B010BD00BF0000000080B582B04B
:1096800000F09AFC00F0FAFB00F072FC00208DF86C
:10969000030048F22C60C2F200000078002818D0C5
:1096A000FFE7EFF3108072B6019048F22C60C2F22F
:1096B00000000021017062B640F22800C2F20000F2
:1096C0000068032804D1FFE701208DF80300FFE7BD
:1096D000FFE79DF80300002803D0FFE700F056F8ED
:1096E000FFE702B080BD000080B584B041F2040005
:1096F000CEF2000001680391009000F089FA00F0BA
:109700002BF900F02DFEFFF7D7FB00F089FCFFF7E7
:10971000A7FBFFF723FB0098016802910299039AC7
:10972000891A0191019940F2DC02C2F20002116033
:10973000019940F2E002C2F200021268914207D998
:10974000FFE7019840F2E001C2F200010860FFE784
:109750000198FFF777FD40F2E400C2F2000080EDCF
:10976000000A90ED000A9FED081AB4EE410AF1EEEE
:1097700010FA07DDFFE740F2E800C2F20000012125
:109780000170FFE704B080BD0000344280B584B0B2
:1097900048F22060C2F200000121017041F2040091
:1097A000CEF20000016803910090FFF7C3FB009820
:1097B000016802910299039A891A0191019948F26C
:1097C0001062C2F200021160019948F21462C2F202
:1097D00000021268914207D9FFE7019848F214612C
:1097E000C2F200010860FFE70198FFF72BFD48F285
:1097F0003460C2F2000080ED000A90ED000A9FED97
:109800000B1AB4EE410AF1EE10FA07DDFFE748F259
:109810003860C2F2000001210170FFE748F22060C9
:10982000C2F200000021017004B080BD0080BB4482
:109830004EF6FC50CEF20000016841F080710160EC
:1098400041F20400CEF200000021016041F200006C
:10985000CEF20000016841F0010101607047000094
:1098600081B045F26140C3F62270009048F2186062
:10987000C2F200000078002825D1FFE745F62470E9
:10988000C2F20000006845F61871C2F200010860DB
:1098900045F62870C2F20000006845F61C71C2F25D
:1098A0000001086045F62C70C2F20000006845F621
:1098B0002071C2F20001086048F21860C2F2000094
:1098C0000121017044E045F62470C2F2000090EDE1
:1098D000000A45F61870C2F2000090ED001A30EE52
:1098E000410A9FED1C1A20EE010A90ED002A32EE8B
:1098F000000A80ED000A45F62870C2F2000090EDE3
:10990000000A45F61C70C2F2000090ED002A30EE0D
:10991000420A20EE010A90ED002A32EE000A80EDA4
:10992000000A45F62C70C2F2000090ED000A45F6E0
:109930002070C2F2000090ED002A30EE420A20EEC4
:10994000010A90ED001A31EE000A80ED000AFFE7EF
:1099500001B070476154223F40F22800C2F200007B
:109960000068002808D4FFE740F22800C2F2000097
:10997000006804280EDBFFE740F22800C2F2000076
:109980000221016045F6E860C2F200000168013181
:109990000160FFE740F22800C2F20000006840F2D8
:1099A0002401C2F20001096888421AD0FFE740F2A0
:1099B0002800C2F200000068032807D1FFE748F240
:1099C0001860C2F2000000210170FFE740F2280099
:1099D000C2F20000006840F22401C2F200010860F7
:1099E000FFE7704780B582B000200190FAF7C6FE0D
:1099F0000090FEF7A1FAFFF71BFFFDF73BFDFDF717
:109A00000DFDFDF78BFCFDF76FFEFDF79FFDFDF7EC
:109A10009DFEFFF7D5FC40F21400C2F200000021C9
:109A2000C4F290010160FFE7FFF728FEFCE70000A9
:109A30008BB08DED0A0ACDED090A8DED081A07905D
:109A400006919DED0A0A9DED091AB4EE410AF1EE68
:109A500010FA05DDFFE79DED0A0A8DED030A04E02B
:109A60009DED090A8DED030AFFE79DED030A8DEDDB
:109A7000050A9DED0A0A9DED091AB4EE410AF1EEC0
:109A800010FA05DAFFE79DED0A0A8DED020A04E0FF
:109A90009DED090A8DED020AFFE79DED020A8DEDAD
:109AA000040A9DED080A9DED051AB4EE410AF1EE97
:109AB00010FA05DDFFE79DED080A8DED010A04E0CF
:109AC0009DED050A8DED010AFFE79DED010A06985F
:109AD00080ED000A9DED080A9DED041AB4EE410ADE
:109AE000F1EE10FA05DAFFE79DED080A8DED000AA8
:109AF00004E09DED040A8DED000AFFE79DED000AEC
:109B0000079880ED000A0BB07047000080B582B066
:109B100040F23800C2F20000006801909DED010A99
:109B2000B5EE400AF1EE10FA09DAFFE700200190E5
:109B3000019840F23801C2F200010860FFE7019885
:109B400040F23401C2F200010860019840F23C0189
:109B5000C2F20001086048F2E850C2F20000009032
:109B6000F8F7FCFD41F26F20C3F60330009908605E
:109B70009DED010A9FED111A20EE010A81ED010A07
:109B80000020C4F2A0200861012081F8240081F89F
:109B9000250045F63070C2F20000F8F721FE48F2C9
:109BA0001860C2F200000021017048F22860C2F281
:109BB000000001680131016002B080BD6F12833A7C
:109BC00081B000900098002801D1FFE71CE00098C8
:109BD00090ED030AB7EE001AB4EE410AF1EE10FA66
:109BE00004DCFFE70098002181620DE0009890ED11
:109BF000020A90ED031A9FED052A20EE020A80EE7C
:109C0000010A80ED0A0AFFE701B07047DB0FC94087
:109C100080B582B040F2D000C2F20000018840F26C
:109C2000D602C2F200021180418840F2D803C2F28B
:109C300000031980808840F2DA01C2F20001088036
:109C4000108801930091FFF759F845F6EC60C2F2D5
:109C5000000080ED000A01980088FFF74FF845F6F4
:109C6000F060C2F2000080ED000A00980088FFF763
:109C700045F845F6F460C2F2000080ED000A02B03B
:109C800080BD000081B000200090FFE7009800092F
:109C90007C2829D8FFE745F6BC60C2F200000068C6
:109CA000009940F2EC02C2F2000242F8210045F6AF
:109CB000C060C2F200000068009942F22C02C2F2B9
:109CC000000242F8210045F6C460C2F200000068BC
:109CD000009943F66C72C2F2000242F82100FFE7DD
:109CE000009801300090D1E745F6BC60C2F2000058
:109CF000006845F6B061C2F20001086045F6C06038
:109D0000C2F20000006845F6B461C2F200010860CA
:109D100045F6C460C2F20000006845F6B861C2F2C0
:109D20000001086045F6AC60C2F20000002101604D
:109D300045F6D060C2F20000016045F6CA60C2F28A
:109D40000000017045F6C960C2F2000001210170F7
:109D500001B0704782B00190009140F22800C2F239
:109D60000000006800281DD1FFE745F6EC60C2F254
:109D7000000000680199086045F6F060C2F200003A
:109D800000680199486045F6F460C2F2000000687E
:109D90000199886040F20C00C2F20000006800994E
:109DA000086068E040F22800C2F200000068012864
:109DB0001DD1FFE748F2C860C2F2000000680199B7
:109DC000086048F2CC60C2F2000000680199486067
:109DD00048F2D060C2F2000000680199886040F249
:109DE0000C00C2F2000000680099086042E040F2F6
:109DF0002800C2F20000006803281DD1FFE745F6E5
:109E00000C70C2F2000000680199086045F61070FD
:109E1000C2F2000000680199486045F61470C2F271
:109E2000000000680199886040F22000C2F2000042
:109E30000068009908601CE045F6DC60C2F2000092
:109E400000680199086045F6E060C2F20000006811
:109E50000199486045F6E460C2F20000006801998B
:109E6000886040F22000C2F200000068009908609B
:109E7000FFE7FFE7FFE702B07047000080B584B05E
:109E800040F21400C2F20000006802909DED020A48
:109E900040F21800C2F2000090ED001A30EE410AC4
:109EA000B0EEC00A9FED301AB4EE410AF1EE10FA9E
:109EB00001DCFFE756E045F6C860C2F20000002171
:109EC00001709DED020AB5EE400AF1EE10FA09DAD2
:109ED000FFE70020029045F6C860C2F200000121B1
:109EE0000170FFE79DED020AFFF7D8F901909DEDA3
:109EF000020A9FED1E1AB4EE410AF1EE10FA07DDD8
:109F0000FFE745F6C860C2F2000001210170FFE7DB
:109F1000EFF3108072B60390019845F6D461C2F257
:109F2000000108600198FFF7EFF940F21000C2F25B
:109F3000000080ED000A016840F21402C2F2000243
:109F40001160006840F21801C2F200010860FFF7DA
:109F500099FE45F6CC60C2F2000001680131016053
:109F600062B6FFE704B080BD17B7D13866E6C742D6
:109F700080B582B040F23800C2F200000068019063
:109F80009DED010A40F23C00C2F2000090ED001A83
:109F900030EE410AB0EEC00A9FED061AB4EE410A57
:109FA000F1EE10FA01DCFFE702E0FFF7AFFDFFE79B
:109FB00002B080BD17B7D13880B582B040F24C00F6
:109FC000C2F2000090ED000A40F23000C2F2000040
:109FD00090ED001A30EE410A8DED010A9DED010A67
:109FE000B5EE400AF1EE10FA03DAFFE70020019027
:109FF000FFE79DED010AFFF751F90090009845F643
:10A00000D861C2F2000108600098FFF77DF940F2C4
:10A010001C00C2F2000080ED000A02B080BD00000A
:10A0200080B582B045F6D460C2F2000000680190AD
:10A0300045F6C960C2F200000078002803D1FFE7AE
:10A04000FFF720FE8FE0019800282BD1FFE745F6AF
:10A05000BC60C2F20000006845F6B061C2F20001C7
:10A06000086045F6C060C2F20000006845F6B461C1
:10A07000C2F20001086045F6C460C2F20000006848
:10A0800045F6B861C2F20001086045F6AC60C2F264
:10A0900000000021016045F6CA60C2F20000012103
:10A0A000017058E045F6AC60C2F20000016840F271
:10A0B000EC02C2F2000252F8211045F6B063C2F27F
:10A0C00000031960016842F22C03C2F2000353F846
:10A0D000211045F6B46CC2F2000CCCF800100168F7
:10A0E00043F66C7CC2F2000C5CF8211045F6B86EA9
:10A0F000C2F2000ECEF8001045F6BC61C2F20001BB
:10A100000968D0F800E042F82E1045F6C061C2F2AE
:10A1100000010968026843F8221045F6C461C2F2E2
:10A120000001096802684CF82210016801310160E1
:10A130000068019988420DD3FFE745F6AC60C2F292
:10A1400000000021016045F6CA60C2F20000012152
:10A150000170FFE7FFE745F6D060C2F2000001683A
:10A1600001310160FFE702B080BD000080B58CB016
:10A1700048F2D460C2F2000090ED000A48F2E460B8
:10A18000C2F2000090ED001AB6EE002A21EE021A8B
:10A1900030EE410A48F2DC60C2F2000090ED001A95
:10A1A00021EE021A30EE410A9FED6A1A20EE010AF2
:10A1B0008DED0B0A45F6F460C2F2000090ED000A46
:10A1C00045F6F060C2F2000090ED002A30EE420A3F
:10A1D0009FED612A20EE020A20EE010A8DED0A0AA7
:10A1E00045F6FC60C2F2000090ED000A049000F019
:10A1F00061F98DED090A049890ED000A00F002FA69
:10A200008DED080A9DED0A0A9DED091A20EE010A5E
:10A210009DED0B1A9DED082A21EE021A30EE410A3F
:10A220008DED070A9DED070A40F20800C2F200001A
:10A2300090ED001A80EE010AB1EE400A45F6F86092
:10A24000C2F2000080ED000A40F25001C2F20001AB
:10A2500091ED000A40F26001C2F2000191ED001A96
:10A2600020EE010A90ED001A20EE010A48F69C0249
:10A27000C2F2000292ED001A31EE000A82ED000AED
:10A2800045F2D033C4F27B23069345F2D033C4F2B7
:10A29000FB23059392ED000A9DED061AF1EE410AAB
:10A2A000039002910192FEF77DFF019880ED000A74
:10A2B00040F25C01C2F2000191ED000A40F254024A
:10A2C000C2F2000292ED001A039A92ED002A21EEEA
:10A2D000021A30EE010A90ED001A30EE010A40F247
:10A2E0005803C2F2000383ED000A93ED000A91EDDA
:10A2F000001A9DED052A71EE420A31EE021A009312
:10A30000FEF750FF009880ED000A90ED000A0299D8
:10A3100091ED001A20EE010A049A92ED001A31EE36
:10A32000000A82ED000A92ED000A00F07DF8049820
:10A3300080ED000A009991ED000A9FED081A80EE69
:10A34000010A40F22C02C2F2000282ED000A0CB0B7
:10A3500080BD00BFABAA2A3FD7B35D3FDA0FC9402B
:10A3600080B500F011F8FFF701FF40F24800C2F29B
:10A3700000000068012803D1FFE7FEF777FE02E046
:10A38000FEF7D6FEFFE780BD80B58AB045F6EC60EB
:10A39000C2F2000090ED000A48F6AC00C2F20000E4
:10A3A00007A9FDF709FD45F6F060C2F2000090ED47
:10A3B000000A48F6F000C2F2000004A9FDF7FCFC18
:10A3C00045F6F460C2F2000090ED000A48F6341041
:10A3D000C2F2000001A9FDF7EFFC079848F2D46132
:10A3E000C2F200010860089848F2D861C2F2000188
:10A3F0000860049848F2DC61C2F200010860059828
:10A4000048F2E061C2F200010860019848F2E4619C
:10A41000C2F200010860029848F2E861C2F200014D
:10A4200008600AB080BD000081B08DED000AFFE732
:10A430009DED000A9FED131AB4EE410AF1EE10FAF9
:10A4400009DBFFE79DED000A9FED0F1A30EE010AD0
:10A450008DED000AECE7FFE79DED000AB5EE400A3E
:10A46000F1EE10FA09DAFFE79DED000A9FED051AFB
:10A4700030EE010A8DED000AEEE79DED000A01B015
:10A48000704700BFDA0FC940DA0FC9C041000802A7
:10A4900018BF04200A0E18BF40F001004FF07F42A1
:10A4A00032EA010108BF40F00200012808BF052080
:10A4B0007047000010EE101A08B5444A6846B2EB27
:10A4C000410F28D94FF0E640B0EB410F94BF002078
:10A4D0004FF0FF3000900098002861DB60EE000A2A
:10A4E00010F0010F45D010F0020FDFED391A9FED8B
:10A4F000391A00EEA11ADFED381A40EE811A21EE6A
:10A50000A01AF0EE400A40EE010A08BFF1EE600A20
:10A51000B0EE600A08BD314B21F0004293423CD9B5
:10A5200011F0004FDFED2E0A20EE201ADFED2D0A8C
:10A5300019BF31EE601A71EE200A31EE201A71EE69
:10A54000600ABDEEE01A11EE100A9FED271A00F026
:10A55000030000EEC10A9FED251A009000EEC10A2B
:10A560009FED231A00EEC10A9FED221A00EEC10AE8
:10A57000B1E79FED211A9FED210A10F0020F00EEC6
:10A58000810A9FED1F1A00EE801AB7EE000A00EE56
:10A59000810A18BFB1EE400A08BD00F02BF99AE716
:10A5A00010EE100A4000B0F17F4F3CBFB7EE000A3A
:10A5B00008BD07D14FF00100F5F7B3FEBDE8084034
:10A5C00000F008B9BDE8084000F001B9B61F927E5E
:10A5D000336D4CB9DA82083CA0AA2ABE490E49461E
:10A5E00083F9223F0000004B0000C93F00A0FD3965
:10A5F0000020A2331A61342CB93AB2BACA9F2A3D5C
:10A60000DDFFFFBE00B510EE101A2DED028B81B0FC
:10A61000524A6846B2EB410F2ED94FF0E640B0EBFC
:10A62000410F94BF00204FF0FF3000900098B0EE33
:10A63000408A00286ADB10F0010F4BD068EE080A50
:10A640009FED471A9FED470A00EE810A9FED461ADB
:10A6500010F0020F00EE801AB7EE000A00EE810A39
:10A6600002BF01B0BDEC028B00BD00BF01B0B1EE76
:10A67000400ABDEC028B00BD3C4B21F000429342EE
:10A6800041D911F0004FDFED3A0A20EE201ADFED3C
:10A69000390A19BF31EE601A71EE200A31EE201A24
:10A6A00071EE600ABDEEE01A11EE100A9FED321A4B
:10A6B00000F0030000EEC10A9FED301A009000EE9A
:10A6C000C10A9FED2F1A00EEC10A9FED2E1A00EE6F
:10A6D000C10AABE728EE080A9FED2B1ADFED2B0A23
:10A6E00010F0020F40EE010A9FED291A00EE201A29
:10A6F00061EE000AB0EE480A08EE200AB6D101B0B9
:10A70000BDEC028B00BD00F075F88FE718EE100A63
:10A710004000B0F17F4F0DD218EE100AFFF7B6FEE1
:10A72000042808BF00F05EF8B0EE480A01B0BDECA6
:10A73000028B00BD09D10120F5F7F3FD01B0BDEC9E
:10A74000028B5DF804EB00F045B801B0B0EE480AAA
:10A75000BDEC028B5DF804EB00F039B8B61F927EB9
:10A76000B93AB2BACA9F2A3DDDFFFFBE490E49463B
:10A7700083F9223F0000004B0000C93F00A0FD39D3
:10A780000020A2331A61342C336D4CB9DA82083CB4
:10A79000A0AA2ABE10B52DED028BB1EEC08A18EE2C
:10A7A000100A20F00040C0F1FF40C00F0AD010EEA8
:10A7B000100A20F00040C0F1FF40C00F04BF01208C
:10A7C000F5F7AFFDB0EE480ABDEC028B10BD30EEE0
:10A7D000000A7047DFED020A80EEA00A7047000011
:10A7E000000000009FED020A20EE000A7047000002
:10A7F000000000102DE9F0014FF07F42B2EB410F55
:10A800009FBF4FF0FF310160BDE8F00170474FF08E
:10A81000004242EA0123C1F3C752783A551112F0BF
:10A820001F0C434CCCF120067C44C1F3C752A2F16B
:10A8300078024FEA621204EB820254F8254008BF06
:10A84000D2E9015612D0556804FA0CF425FA06F73D
:10A850003C43976805FA0CF527FA06F8D26807FA20
:10A860000CFCF24045EA08054CEA0206A4FB034C46
:10A87000A5FB0352A6FB03631D449D4234BF012682
:10A8800000261319334416B1934202D903E09342D0
:10A8900001D2012200E00022624402F1200C920663
:10A8A000DC0C42EA443200EE102A5B03DFED210AA1
:10A8B000F8EEC01A00EE103A4FEA9C1C11F0004F5F
:10A8C000B8EE400AC0F800C020EE201A00EE105A80
:10A8D000DFED190AB8EE400A20EE200A71EE810A77
:10A8E00070EE800A10EE902A02F500626FF30B0200
:10A8F00000EE902A70EEE11A31EEC11ADFED101A67
:10A9000030EE411A9FED0D0A20EE800A01EE210A79
:10A910009FED0C1A00EE810A04BFBDE8F0017047FC
:10A92000CCF180510160BDE8F001B1EE400A704702
:10A9300038010000000000360000802C22AAFD290A
:10A94000DB0FC92F0000C92FF1EE100A4FF6FF717F
:10A95000C0F2C03120EA010040F04070E1EE100A80
:10A9600070470000000000006E83F9A22915444ED4
:10A97000D15727FCC0DD34F5999562DB4190433C0B
:10A98000AB6351FE00000000000000000102030460
:10A9900006070809B8A900080000002070000000A0
:10A9A0001402000828AA000870000020108F000080
:10A9B00030020008000000000024F400AE471941F6
:10A9C0000080A2430000803F9A99993E9A99993E4F
:10A9D000000080BF9A99993E000080BFFFFFFFFFF3
:10A9E00002000000000048423333333F0000803F44
:10A9F0000000803F000080BF010000000000803F99
:10AA0000010000000000803F0000FA440000A04266
:10AA100062149D4362149D4317B751380100000032
:08AA200010000000000000001E
:04000005080001D915
:00000001FF
